customer_id,segment_id,signup_date,region
1,2,2025-05-01,East
2,2,2022-05-30,West
3,1,2024-01-29,West
4,1,2024-02-18,West
5,4,2024-08-30,South
6,4,2024-02-02,North
7,1,2024-09-28,East
8,4,2025-09-01,Central
9,2,2022-03-17,East
10,3,2023-08-22,Central
11,2,2025-07-17,Central
12,2,2022-08-13,North
13,2,2022-04-23,West
14,2,2022-09-08,West
15,1,2025-06-10,Central
16,1,2024-04-20,Central
17,2,2023-12-15,West
18,2,2025-01-11,South
19,1,2022-05-05,Central
20,2,2025-04-13,North
21,4,2024-12-28,Central
22,1,2024-12-06,Central
23,2,2024-06-02,South
24,2,2025-07-03,West
25,3,2022-01-30,East
26,1,2022-10-08,East
27,2,2024-07-12,South
28,3,2025-06-14,Central
29,4,2025-06-25,Central
30,2,2023-01-03,Central
31,2,2023-05-10,North
32,2,2024-11-14,Central
33,3,2023-12-19,West
34,2,2024-10-13,South
35,1,2025-08-30,North
36,4,2023-08-29,South
37,2,2023-01-10,Central
38,2,2023-10-01,West
39,1,2024-11-14,West
40,2,2025-09-19,South
41,2,2025-10-10,West
42,2,2022-04-26,North
43,1,2022-02-17,South
44,2,2022-04-09,West
45,4,2023-02-09,North
46,1,2025-05-22,Central
47,4,2023-11-16,South
48,2,2024-06-21,West
49,3,2023-05-18,East
50,3,2024-06-12,West
51,2,2022-09-15,North
52,3,2024-04-23,North
53,3,2022-05-01,Central
54,2,2024-03-20,South
55,2,2024-09-04,Central
56,2,2022-02-23,Central
57,3,2024-10-15,South
58,3,2025-09-16,South
59,3,2024-02-23,West
60,2,2022-08-29,Central
61,3,2023-04-28,Central
62,1,2024-10-09,East
63,2,2022-07-06,Central
64,1,2023-10-18,North
65,2,2022-09-19,Central
66,2,2024-08-10,Central
67,2,2025-10-19,North
68,2,2023-05-06,South
69,2,2023-03-07,North
70,2,2022-08-27,South
71,1,2022-10-31,Central
72,2,2022-10-25,South
73,1,2022-03-17,North
74,1,2025-09-18,South
75,2,2024-09-25,Central
76,2,2023-10-04,West
77,2,2024-04-06,East
78,2,2022-10-10,North
79,2,2023-08-14,Central
80,3,2022-03-13,Central
81,2,2025-07-10,South
82,2,2023-12-04,North
83,1,2023-07-29,North
84,2,2024-09-26,North
85,2,2024-06-10,East
86,2,2022-01-12,Central
87,2,2022-05-21,East
88,2,2022-01-17,Central
89,2,2024-12-22,East
90,3,2022-09-10,West
91,3,2023-04-10,West
92,2,2023-01-11,North
93,4,2024-09-07,South
94,1,2023-06-04,West
95,1,2022-03-31,North
96,1,2023-12-21,South
97,2,2024-03-14,East
98,3,2024-03-06,Central
99,1,2023-09-22,East
100,4,2025-04-13,Central
101,1,2022-03-17,East
102,4,2024-07-14,Central
103,2,2023-02-04,West
104,1,2024-08-27,Central
105,2,2024-12-30,East
106,1,2025-04-18,West
107,1,2025-02-21,West
108,2,2025-08-09,East
109,3,2024-03-07,North
110,2,2022-07-14,North
111,2,2022-08-16,North
112,2,2023-04-06,Central
113,2,2023-09-10,South
114,1,2024-11-10,South
115,2,2022-03-05,West
116,1,2022-06-14,South
117,1,2022-01-27,East
118,2,2025-08-27,North
119,1,2024-10-08,Central
120,2,2022-10-12,Central
121,2,2022-10-08,Central
122,1,2024-04-17,East
123,2,2024-04-10,Central
124,1,2025-04-02,North
125,4,2024-07-06,North
126,2,2022-08-12,North
127,3,2024-02-23,East
128,2,2025-03-15,East
129,1,2024-08-22,East
130,2,2024-08-07,North
131,4,2024-11-19,East
132,2,2022-02-14,West
133,3,2023-04-16,East
134,3,2022-02-03,West
135,1,2023-10-15,South
136,1,2024-04-09,Central
137,2,2022-08-09,East
138,2,2023-06-18,South
139,3,2023-11-23,South
140,3,2025-10-22,West
141,2,2024-07-20,Central
142,1,2024-04-20,East
143,3,2024-10-07,South
144,1,2023-08-05,Central
145,3,2025-02-13,West
146,2,2022-08-27,East
147,2,2025-09-20,East
148,1,2023-03-17,South
149,2,2022-05-28,West
150,2,2024-10-29,South
151,2,2025-08-04,Central
152,1,2023-01-23,East
153,3,2024-12-09,East
154,3,2024-07-04,East
155,1,2023-09-30,Central
156,1,2022-10-05,Central
157,1,2024-09-15,East
158,2,2025-08-16,West
159,2,2023-08-12,East
160,2,2023-10-11,East
161,1,2023-09-10,South
162,2,2022-05-15,East
163,2,2023-08-03,South
164,2,2025-03-16,Central
165,4,2023-05-05,South
166,1,2023-04-23,Central
167,2,2025-03-28,East
168,2,2023-01-19,West
169,2,2022-06-12,East
170,2,2023-03-17,North
171,2,2025-04-27,South
172,4,2023-02-19,North
173,1,2025-09-24,West
174,1,2025-04-19,East
175,3,2022-10-15,Central
176,2,2022-07-06,South
177,1,2025-03-07,North
178,1,2022-05-10,East
179,1,2022-07-13,Central
180,3,2022-11-12,West
181,1,2022-05-24,East
182,2,2022-01-16,East
183,1,2025-08-18,North
184,2,2023-02-27,Central
185,1,2022-09-02,West
186,2,2024-07-15,South
187,1,2025-02-04,East
188,3,2025-01-16,North
189,1,2022-05-09,Central
190,2,2024-06-25,North
191,3,2024-06-05,West
192,2,2022-12-07,South
193,2,2022-01-04,West
194,2,2025-09-12,Central
195,2,2022-11-02,West
196,2,2024-06-26,West
197,4,2023-08-30,Central
198,2,2025-06-02,North
199,2,2025-10-03,South
200,3,2024-09-18,South
201,2,2022-11-17,Central
202,1,2023-07-13,South
203,2,2025-04-19,West
204,4,2023-09-10,West
205,1,2023-12-12,South
206,2,2025-02-05,South
207,1,2023-06-15,South
208,2,2023-02-14,East
209,1,2025-08-12,South
210,2,2024-03-28,North
211,3,2025-04-09,Central
212,2,2025-09-16,Central
213,2,2023-05-08,South
214,3,2025-05-03,South
215,4,2022-01-12,North
216,1,2022-07-14,West
217,2,2023-05-05,Central
218,1,2024-03-05,North
219,4,2024-05-30,North
220,4,2022-07-01,Central
221,2,2024-08-19,West
222,3,2023-10-18,North
223,2,2025-09-01,West
224,2,2023-11-25,South
225,1,2022-01-30,South
226,3,2025-01-24,Central
227,1,2024-02-17,Central
228,3,2023-03-20,East
229,3,2022-10-25,Central
230,2,2024-03-18,East
231,1,2024-04-24,Central
232,2,2024-10-12,East
233,1,2025-10-16,Central
234,2,2025-10-29,Central
235,1,2023-07-08,North
236,4,2022-10-30,Central
237,2,2023-02-25,Central
238,2,2025-06-23,Central
239,2,2025-06-14,South
240,2,2022-07-04,Central
241,2,2023-04-13,Central
242,2,2024-01-24,South
243,3,2022-12-29,Central
244,2,2025-07-30,North
245,4,2022-12-02,North
246,3,2022-06-11,East
247,1,2025-03-29,East
248,4,2025-09-07,West
249,1,2022-01-12,North
250,3,2025-01-01,Central
251,2,2023-08-11,North
252,3,2022-07-20,North
253,3,2023-06-06,North
254,3,2023-05-20,East
255,3,2024-02-27,Central
256,2,2024-11-28,West
257,1,2022-03-01,Central
258,2,2023-08-01,North
259,1,2022-11-17,East
260,2,2024-07-11,East
261,2,2023-07-23,East
262,4,2025-01-06,North
263,2,2025-05-02,West
264,3,2025-08-01,East
265,1,2023-06-11,Central
266,3,2023-06-08,East
267,4,2023-09-05,North
268,2,2025-03-25,West
269,2,2025-09-25,North
270,3,2022-05-05,Central
271,1,2024-05-20,West
272,2,2022-10-07,North
273,2,2024-07-05,Central
274,1,2023-09-14,East
275,2,2024-04-25,North
276,1,2023-11-05,West
277,1,2025-02-25,South
278,1,2022-11-10,Central
279,4,2022-11-28,Central
280,2,2025-03-19,Central
281,4,2022-02-05,East
282,2,2024-11-11,East
283,2,2022-07-25,Central
284,2,2023-10-01,North
285,2,2024-04-27,East
286,1,2025-10-11,East
287,2,2023-03-16,North
288,1,2023-12-30,East
289,2,2025-01-24,Central
290,2,2024-07-29,Central
291,1,2022-06-13,North
292,1,2022-05-28,North
293,3,2022-10-21,South
294,2,2022-07-14,Central
295,1,2023-10-25,North
296,4,2023-04-25,West
297,1,2022-05-03,North
298,2,2023-11-30,West
299,4,2024-08-22,South
300,1,2023-10-23,Central
301,1,2025-02-01,South
302,1,2023-12-11,West
303,2,2023-01-31,South
304,1,2024-06-30,West
305,2,2025-09-22,Central
306,1,2024-10-01,North
307,2,2025-03-11,Central
308,4,2022-11-13,West
309,3,2023-11-12,North
310,2,2025-08-26,East
311,2,2023-05-10,North
312,2,2023-07-10,West
313,2,2023-09-02,Central
314,2,2022-04-19,North
315,1,2023-01-07,East
316,3,2024-05-04,Central
317,2,2023-09-08,Central
318,1,2024-02-07,East
319,2,2022-07-25,Central
320,2,2024-04-26,East
321,3,2022-02-12,South
322,3,2024-05-14,Central
323,3,2025-06-22,East
324,1,2025-08-03,East
325,2,2025-10-10,East
326,2,2024-02-24,Central
327,1,2023-04-21,Central
328,1,2022-03-24,East
329,3,2025-02-07,South
330,1,2022-07-09,East
331,2,2024-03-10,East
332,1,2024-07-24,South
333,1,2022-09-08,Central
334,1,2022-10-18,East
335,4,2025-05-09,South
336,3,2022-11-22,North
337,4,2024-04-16,South
338,2,2023-05-23,Central
339,1,2024-01-01,South
340,2,2022-03-13,North
341,2,2025-06-24,East
342,3,2023-10-03,South
343,1,2024-07-28,North
344,2,2023-08-31,South
345,1,2023-07-20,East
346,2,2025-09-29,East
347,3,2022-02-23,South
348,2,2023-06-12,East
349,2,2023-09-03,Central
350,2,2022-07-12,South
351,2,2022-02-27,South
352,3,2025-02-08,South
353,3,2022-05-09,East
354,4,2023-12-07,Central
355,3,2024-05-01,South
356,2,2025-09-11,West
357,2,2022-01-08,North
358,2,2022-01-29,East
359,1,2025-02-09,Central
360,3,2024-08-04,South
361,1,2022-05-11,East
362,3,2022-07-07,South
363,2,2023-12-10,West
364,2,2025-10-19,North
365,2,2025-05-12,Central
366,3,2022-07-31,South
367,2,2022-10-03,Central
368,2,2025-01-01,South
369,1,2022-08-31,West
370,2,2025-01-30,South
371,1,2024-09-13,Central
372,3,2023-11-16,North
373,2,2022-06-20,North
374,2,2023-10-15,East
375,1,2022-07-07,North
376,1,2025-01-14,South
377,2,2022-02-21,Central
378,1,2022-04-21,Central
379,1,2024-05-26,South
380,1,2024-12-02,Central
381,4,2022-07-30,East
382,3,2025-05-08,South
383,2,2024-05-07,West
384,1,2023-09-19,West
385,2,2024-11-15,Central
386,3,2022-10-26,South
387,2,2025-01-05,West
388,1,2024-07-12,North
389,1,2022-05-17,North
390,1,2024-11-09,North
391,2,2023-03-16,Central
392,3,2022-07-30,Central
393,1,2024-01-22,Central
394,1,2023-03-11,East
395,1,2024-02-19,South
396,4,2025-05-15,North
397,1,2023-03-15,South
398,3,2023-10-28,South
399,2,2024-12-01,Central
400,2,2023-02-15,East
401,1,2024-03-16,North
402,1,2023-09-02,North
403,2,2023-03-03,North
404,3,2025-07-22,East
405,2,2024-06-20,Central
406,2,2024-07-30,West
407,1,2024-01-12,Central
408,4,2025-10-24,East
409,3,2025-05-28,South
410,1,2025-06-09,North
411,4,2022-11-24,Central
412,2,2022-02-21,Central
413,2,2023-01-11,North
414,3,2022-09-20,East
415,3,2022-09-24,East
416,2,2022-12-25,West
417,1,2025-09-02,Central
418,2,2025-09-09,East
419,4,2023-10-14,East
420,1,2022-02-15,North
421,2,2023-08-23,North
422,2,2023-12-21,South
423,2,2025-07-16,North
424,2,2023-08-24,West
425,4,2023-01-16,West
426,1,2022-04-28,North
427,1,2022-04-26,Central
428,1,2022-09-17,North
429,3,2025-01-03,South
430,2,2022-11-01,South
431,1,2022-01-07,South
432,3,2023-01-01,South
433,3,2023-06-07,East
434,3,2025-10-03,East
435,3,2025-05-23,Central
436,1,2023-03-05,North
437,3,2024-03-01,North
438,2,2024-01-17,North
439,3,2023-01-02,West
440,3,2022-11-09,North
441,3,2023-06-22,Central
442,2,2024-07-09,East
443,1,2024-12-13,East
444,2,2024-05-14,East
445,4,2025-04-02,North
446,4,2024-02-21,South
447,1,2022-11-30,South
448,1,2024-03-08,West
449,1,2022-12-14,South
450,3,2022-09-30,North
451,3,2024-08-20,Central
452,1,2023-12-21,North
453,2,2023-05-15,Central
454,3,2025-01-21,Central
455,3,2023-11-16,South
456,2,2022-03-20,North
457,2,2023-09-14,North
458,2,2025-05-25,West
459,1,2024-08-04,West
460,2,2022-12-24,Central
461,2,2023-09-10,Central
462,3,2023-05-22,West
463,2,2025-04-19,North
464,3,2023-07-30,South
465,1,2025-06-23,Central
466,2,2022-09-01,South
467,1,2023-05-21,North
468,1,2023-02-26,West
469,3,2025-09-05,East
470,4,2025-01-15,Central
471,1,2022-08-05,West
472,2,2025-07-25,North
473,3,2024-10-05,Central
474,1,2025-04-07,South
475,2,2022-11-26,South
476,3,2023-10-12,East
477,2,2023-01-26,North
478,1,2023-01-16,East
479,2,2025-08-22,North
480,3,2024-01-12,East
481,2,2024-03-30,South
482,1,2023-11-04,Central
483,3,2023-05-28,Central
484,1,2024-08-06,North
485,3,2025-04-26,South
486,1,2024-07-18,South
487,4,2024-07-01,North
488,2,2023-10-06,Central
489,2,2023-03-03,West
490,1,2023-05-17,South
491,2,2023-12-31,South
492,3,2025-07-07,North
493,4,2022-03-12,West
494,2,2023-04-23,North
495,2,2025-04-16,Central
496,3,2023-04-02,Central
497,3,2022-07-08,South
498,2,2022-10-18,East
499,2,2024-07-08,Central
500,2,2022-10-19,East
501,2,2024-01-26,North
502,1,2025-07-30,South
503,2,2023-01-12,Central
504,2,2025-03-25,West
505,3,2023-05-23,West
506,1,2023-06-12,Central
507,2,2025-10-10,Central
508,2,2023-07-13,Central
509,2,2025-04-25,North
510,1,2024-11-20,East
511,2,2022-09-17,West
512,2,2023-02-25,Central
513,2,2022-10-31,West
514,2,2024-07-30,North
515,2,2024-11-28,Central
516,3,2023-06-26,West
517,1,2025-07-25,North
518,3,2025-05-11,East
519,2,2024-12-25,North
520,1,2022-04-18,South
521,1,2022-09-25,North
522,2,2022-08-10,East
523,3,2025-01-18,East
524,2,2023-11-24,West
525,3,2022-09-12,West
526,2,2022-09-10,Central
527,2,2022-09-14,South
528,1,2023-01-18,North
529,2,2023-03-18,Central
530,2,2023-08-22,North
531,1,2025-01-18,Central
532,1,2023-01-25,Central
533,2,2023-08-05,East
534,3,2024-12-03,Central
535,4,2023-08-21,North
536,4,2022-01-19,South
537,2,2025-01-29,West
538,2,2023-08-30,South
539,2,2025-10-12,Central
540,3,2022-02-02,North
541,1,2025-06-06,East
542,2,2024-05-11,West
543,3,2022-06-04,West
544,2,2024-06-23,South
545,2,2025-06-23,South
546,2,2023-02-09,Central
547,1,2024-04-23,South
548,2,2025-03-30,Central
549,2,2024-01-17,East
550,1,2025-02-14,Central
551,1,2022-09-28,West
552,3,2024-02-09,South
553,1,2022-06-21,East
554,2,2022-10-01,Central
555,1,2022-09-16,East
556,4,2025-03-04,Central
557,1,2023-02-26,East
558,2,2025-04-24,North
559,3,2022-12-30,South
560,3,2023-01-13,Central
561,1,2023-08-03,South
562,3,2024-06-09,Central
563,2,2023-12-23,Central
564,2,2025-05-04,South
565,1,2024-05-30,North
566,1,2025-01-26,West
567,3,2023-08-28,South
568,2,2022-01-22,Central
569,2,2025-04-10,East
570,3,2023-01-18,East
571,3,2022-05-14,Central
572,1,2024-11-14,South
573,2,2023-05-18,East
574,1,2025-04-23,South
575,3,2025-01-13,South
576,2,2022-05-24,East
577,4,2022-08-12,Central
578,1,2022-08-08,South
579,1,2022-06-28,East
580,1,2023-03-09,West
581,1,2022-09-22,South
582,1,2024-08-11,South
583,3,2023-03-05,Central
584,1,2023-02-20,West
585,1,2023-12-28,East
586,3,2022-07-16,West
587,2,2024-12-12,North
588,3,2023-04-25,West
589,1,2025-09-15,East
590,2,2025-06-28,East
591,1,2024-06-08,South
592,1,2024-07-13,North
593,3,2022-05-03,South
594,1,2025-09-24,Central
595,2,2024-02-17,East
596,2,2022-12-14,East
597,2,2022-01-29,North
598,3,2024-09-01,North
599,1,2022-02-04,West
600,2,2023-09-15,East
601,4,2025-08-10,East
602,2,2023-08-12,South
603,4,2025-10-04,West
604,1,2025-03-16,North
605,2,2024-12-26,South
606,1,2024-06-22,East
607,3,2023-06-04,South
608,4,2022-05-02,South
609,1,2022-12-06,West
610,2,2022-06-24,West
611,1,2023-08-20,Central
612,2,2023-03-27,East
613,2,2023-07-11,North
614,4,2025-03-05,South
615,2,2024-11-05,Central
616,2,2025-09-18,West
617,1,2025-05-03,West
618,1,2022-01-09,North
619,1,2022-11-30,East
620,1,2025-09-18,North
621,3,2024-10-13,East
622,2,2022-11-23,Central
623,2,2022-01-15,Central
624,1,2024-04-18,East
625,3,2022-08-14,East
626,3,2022-04-23,Central
627,1,2022-01-01,West
628,2,2022-09-23,North
629,2,2025-05-16,East
630,1,2024-08-09,South
631,2,2025-10-24,East
632,2,2022-11-02,East
633,1,2022-01-12,East
634,4,2025-09-30,South
635,3,2025-10-23,North
636,2,2024-07-25,East
637,2,2023-02-24,Central
638,2,2024-06-07,West
639,2,2022-06-20,South
640,2,2022-05-14,Central
641,1,2024-08-22,Central
642,2,2024-11-14,South
643,3,2025-04-28,North
644,2,2025-03-10,West
645,1,2023-10-20,Central
646,3,2025-08-31,Central
647,1,2025-09-04,Central
648,1,2025-01-20,West
649,1,2022-06-28,East
650,2,2024-12-15,North
651,3,2025-03-24,South
652,2,2022-04-21,East
653,1,2022-05-17,West
654,3,2022-08-20,East
655,3,2024-09-18,West
656,3,2023-04-13,South
657,1,2024-01-02,East
658,2,2023-04-26,North
659,4,2024-12-27,East
660,3,2024-03-24,Central
661,1,2025-06-26,West
662,1,2024-09-20,Central
663,2,2022-11-19,South
664,3,2024-07-10,East
665,2,2024-06-22,South
666,2,2023-08-29,East
667,1,2023-03-05,Central
668,2,2025-07-16,West
669,3,2022-05-28,Central
670,2,2025-02-15,South
671,3,2024-04-29,Central
672,4,2023-01-02,North
673,1,2024-04-29,Central
674,2,2024-12-25,South
675,1,2024-03-23,South
676,3,2025-10-25,East
677,2,2022-06-24,Central
678,2,2023-08-11,North
679,3,2023-05-10,South
680,2,2024-08-30,Central
681,3,2025-02-11,South
682,2,2025-02-08,South
683,1,2025-03-16,East
684,2,2022-02-04,South
685,3,2024-09-25,Central
686,2,2025-08-25,Central
687,3,2023-06-22,East
688,3,2024-01-20,Central
689,1,2024-11-03,East
690,4,2023-01-09,North
691,1,2023-07-11,South
692,1,2022-08-21,East
693,1,2023-12-06,North
694,3,2023-07-17,Central
695,2,2024-07-27,Central
696,1,2024-06-05,South
697,2,2023-12-27,West
698,2,2025-07-22,West
699,1,2022-03-17,Central
700,3,2023-03-15,Central
701,3,2023-11-30,East
702,2,2025-08-05,Central
703,4,2024-07-03,East
704,2,2024-06-09,East
705,4,2023-11-23,North
706,2,2022-09-10,North
707,2,2025-02-23,East
708,1,2025-04-15,South
709,3,2024-11-26,North
710,2,2023-02-14,West
711,1,2022-05-07,North
712,1,2025-04-06,West
713,2,2023-08-15,East
714,2,2022-10-21,Central
715,2,2025-09-28,East
716,3,2024-10-16,North
717,1,2022-11-06,East
718,3,2023-10-24,Central
719,1,2023-06-12,Central
720,3,2023-06-24,East
721,3,2023-02-23,South
722,2,2023-03-20,Central
723,2,2023-11-16,South
724,2,2024-04-19,West
725,2,2022-08-24,East
726,3,2022-08-02,North
727,2,2022-03-26,South
728,2,2024-03-04,South
729,2,2022-03-26,West
730,3,2022-03-06,Central
731,2,2023-10-25,South
732,1,2023-09-19,Central
733,2,2022-03-05,North
734,3,2025-09-28,East
735,1,2024-07-27,North
736,1,2024-07-07,Central
737,1,2025-10-07,Central
738,2,2025-03-27,West
739,2,2023-05-06,Central
740,3,2025-06-02,West
741,2,2022-11-09,Central
742,2,2023-09-07,West
743,2,2024-07-07,Central
744,3,2024-03-23,East
745,2,2024-07-28,North
746,4,2025-01-16,East
747,2,2025-08-19,North
748,1,2023-11-11,West
749,2,2023-03-11,East
750,2,2023-11-13,West
751,2,2025-03-04,North
752,1,2024-12-09,South
753,1,2022-12-06,East
754,3,2022-12-13,Central
755,1,2023-10-08,South
756,3,2025-10-02,East
757,1,2023-10-11,West
758,2,2022-09-02,West
759,2,2022-04-19,South
760,2,2023-06-17,East
761,2,2025-01-18,South
762,1,2022-10-23,Central
763,1,2022-04-22,North
764,2,2025-04-15,South
765,2,2022-12-09,North
766,4,2022-04-11,South
767,3,2023-09-21,Central
768,3,2022-01-28,South
769,3,2024-07-25,North
770,2,2022-02-27,East
771,1,2022-10-24,North
772,3,2022-05-14,North
773,2,2025-09-16,Central
774,2,2022-09-06,Central
775,1,2024-10-17,Central
776,2,2023-07-04,Central
777,2,2024-06-20,West
778,3,2025-01-03,North
779,2,2024-04-13,Central
780,2,2025-04-06,Central
781,4,2024-02-10,Central
782,1,2025-10-10,East
783,2,2025-06-02,South
784,1,2022-05-26,Central
785,3,2025-06-18,West
786,3,2024-06-11,Central
787,1,2022-12-10,North
788,3,2024-11-24,South
789,1,2023-12-03,South
790,3,2022-01-01,Central
791,3,2022-06-02,South
792,3,2023-03-05,North
793,1,2023-05-23,Central
794,4,2025-02-23,North
795,3,2023-05-06,Central
796,2,2022-12-11,South
797,3,2022-08-09,Central
798,1,2023-12-24,East
799,3,2024-11-14,Central
800,1,2023-06-12,Central
801,2,2025-04-20,North
802,2,2024-04-20,North
803,1,2024-12-01,South
804,1,2023-04-26,West
805,1,2024-07-18,Central
806,2,2024-05-21,East
807,2,2022-12-11,West
808,2,2022-02-14,South
809,1,2022-01-21,Central
810,1,2024-12-29,Central
811,3,2024-05-22,South
812,1,2022-02-17,East
813,3,2023-07-05,North
814,3,2022-10-14,East
815,2,2024-09-28,East
816,2,2024-10-30,North
817,3,2023-06-26,East
818,1,2024-01-26,South
819,1,2022-10-01,East
820,1,2024-08-13,East
821,3,2023-08-23,North
822,1,2023-01-16,Central
823,2,2025-09-14,West
824,4,2023-04-24,South
825,3,2022-01-15,North
826,2,2023-05-31,Central
827,1,2022-07-10,Central
828,3,2025-04-06,South
829,2,2023-09-13,South
830,1,2025-03-06,South
831,1,2022-06-03,East
832,3,2025-05-17,North
833,2,2022-09-29,South
834,3,2022-05-23,West
835,3,2024-12-28,East
836,2,2022-09-04,South
837,2,2025-07-08,East
838,2,2024-02-27,East
839,2,2022-03-20,North
840,2,2023-09-15,North
841,3,2023-06-09,Central
842,2,2024-02-11,North
843,3,2024-07-26,West
844,2,2025-09-15,Central
845,2,2025-04-27,South
846,2,2025-01-23,South
847,2,2023-09-09,East
848,2,2024-10-28,Central
849,1,2022-03-08,Central
850,2,2022-07-10,West
851,1,2025-10-21,North
852,2,2024-02-07,West
853,2,2023-06-05,East
854,2,2024-09-16,East
855,4,2025-02-14,North
856,2,2022-09-24,South
857,3,2023-04-30,Central
858,2,2025-08-14,East
859,2,2025-04-02,South
860,1,2023-01-11,South
861,1,2023-10-15,Central
862,2,2025-07-15,West
863,2,2023-07-03,South
864,1,2025-01-02,North
865,1,2022-03-14,South
866,1,2022-11-04,Central
867,4,2022-07-18,East
868,2,2025-02-27,East
869,2,2023-07-26,West
870,1,2024-03-01,South
871,2,2025-03-20,Central
872,1,2025-05-14,East
873,1,2022-06-28,North
874,2,2022-07-16,North
875,1,2024-01-05,East
876,1,2022-03-30,Central
877,1,2024-03-09,South
878,1,2024-02-27,Central
879,1,2024-01-18,Central
880,2,2025-04-21,South
881,3,2022-07-28,North
882,2,2023-05-08,North
883,2,2025-02-27,West
884,1,2023-10-27,South
885,4,2024-11-02,South
886,2,2024-05-20,East
887,1,2024-01-02,West
888,2,2025-02-03,North
889,1,2025-10-30,East
890,2,2023-11-29,East
891,2,2025-01-27,East
892,3,2023-08-17,Central
893,2,2024-06-04,North
894,2,2024-05-01,Central
895,4,2025-04-30,West
896,1,2022-11-21,East
897,1,2024-09-05,West
898,2,2024-08-13,East
899,2,2024-06-12,North
900,2,2025-10-22,West
901,3,2025-09-03,East
902,2,2022-05-24,West
903,2,2023-01-19,South
904,2,2022-08-04,Central
905,3,2025-10-16,East
906,4,2022-11-20,North
907,3,2024-11-04,East
908,1,2022-08-05,Central
909,2,2024-08-08,Central
910,1,2022-07-02,East
911,1,2022-09-27,Central
912,1,2024-08-02,South
913,2,2024-05-19,East
914,2,2023-04-12,Central
915,1,2022-11-01,Central
916,2,2025-03-13,West
917,2,2022-04-21,Central
918,2,2024-10-10,North
919,1,2022-08-20,Central
920,2,2023-08-18,South
921,3,2025-07-20,North
922,1,2022-06-22,South
923,1,2024-08-30,East
924,2,2024-10-27,South
925,4,2025-03-24,South
926,2,2023-06-30,North
927,2,2023-07-02,South
928,2,2023-06-02,East
929,2,2024-07-02,East
930,1,2022-08-03,South
931,2,2022-05-14,West
932,3,2022-10-12,Central
933,2,2025-02-23,Central
934,3,2023-11-17,South
935,3,2025-03-21,West
936,1,2022-11-27,North
937,3,2025-02-12,North
938,1,2024-06-12,South
939,2,2025-07-31,Central
940,1,2024-06-17,South
941,1,2025-01-03,North
942,2,2025-04-04,North
943,1,2025-04-27,Central
944,2,2022-03-19,West
945,2,2024-08-04,South
946,1,2023-11-19,East
947,1,2022-01-21,East
948,2,2023-07-20,West
949,2,2025-04-22,South
950,3,2025-05-30,Central
951,2,2024-04-06,South
952,3,2025-09-13,West
953,2,2022-06-28,North
954,2,2025-02-09,South
955,2,2024-12-18,South
956,1,2025-09-12,East
957,2,2024-06-23,North
958,3,2023-10-31,Central
959,2,2022-07-10,South
960,3,2025-05-08,West
961,3,2025-08-28,Central
962,3,2023-12-09,East
963,3,2024-11-24,West
964,2,2023-01-14,West
965,2,2023-01-22,South
966,2,2022-08-25,Central
967,2,2023-09-08,South
968,2,2022-10-10,East
969,2,2022-01-01,West
970,2,2023-04-09,South
971,2,2025-06-07,South
972,1,2024-08-24,East
973,2,2022-06-21,Central
974,1,2025-01-15,Central
975,3,2025-02-20,East
976,2,2024-04-22,West
977,1,2025-08-14,Central
978,1,2023-11-21,North
979,2,2023-07-29,South
980,2,2022-06-14,West
981,2,2023-01-18,Central
982,1,2022-07-28,Central
983,2,2022-08-12,East
984,2,2022-01-03,North
985,2,2023-01-07,East
986,2,2023-09-03,South
987,2,2022-04-26,South
988,1,2025-07-17,Central
989,4,2023-03-23,North
990,2,2025-10-23,Central
991,2,2025-06-30,East
992,1,2025-09-02,West
993,2,2023-02-19,North
994,1,2025-01-23,South
995,2,2024-06-10,North
996,4,2024-11-13,Central
997,2,2023-10-25,Central
998,1,2024-12-09,East
999,1,2023-12-19,South
1000,2,2025-09-20,Central
1001,1,2025-01-07,South
1002,1,2024-11-16,North
1003,3,2022-09-28,East
1004,2,2023-07-16,Central
1005,1,2024-03-14,North
1006,3,2022-09-04,South
1007,1,2023-01-22,Central
1008,4,2023-12-03,North
1009,2,2023-07-13,North
1010,3,2024-08-30,East
1011,2,2025-10-16,Central
1012,3,2024-09-10,East
1013,4,2022-12-18,Central
1014,1,2025-07-03,West
1015,4,2025-05-30,North
1016,2,2024-01-23,Central
1017,2,2024-02-20,East
1018,2,2024-10-21,South
1019,2,2023-06-30,East
1020,1,2022-03-20,South
1021,2,2025-06-13,North
1022,2,2022-11-30,North
1023,3,2024-06-07,East
1024,3,2025-10-04,Central
1025,2,2025-01-26,East
1026,2,2025-01-10,Central
1027,1,2023-05-17,South
1028,1,2024-02-04,South
1029,1,2024-07-09,North
1030,2,2023-07-04,North
1031,1,2022-01-14,South
1032,4,2023-01-27,Central
1033,2,2025-10-02,Central
1034,2,2022-11-06,Central
1035,2,2023-01-21,South
1036,1,2025-05-17,Central
1037,2,2025-10-12,South
1038,2,2024-08-31,North
1039,2,2025-01-22,Central
1040,2,2025-01-21,West
1041,4,2022-12-06,North
1042,3,2023-08-20,East
1043,2,2024-01-27,South
1044,2,2024-11-11,West
1045,2,2022-10-18,East
1046,1,2022-11-02,Central
1047,2,2023-09-26,North
1048,1,2025-02-25,South
1049,2,2023-09-17,East
1050,2,2024-07-27,East
1051,1,2025-07-20,South
1052,4,2024-04-27,West
1053,3,2023-03-18,Central
1054,3,2023-05-18,Central
1055,2,2022-05-10,Central
1056,3,2025-03-01,Central
1057,1,2023-08-20,East
1058,3,2024-05-11,Central
1059,1,2023-08-16,South
1060,3,2024-09-25,South
1061,1,2022-11-21,South
1062,3,2024-12-28,East
1063,4,2023-03-24,South
1064,1,2024-03-29,Central
1065,2,2025-04-03,South
1066,4,2023-12-10,North
1067,2,2022-09-22,East
1068,3,2023-09-04,North
1069,2,2025-09-27,North
1070,2,2024-04-11,South
1071,1,2025-07-25,East
1072,1,2023-11-05,East
1073,3,2022-06-06,Central
1074,2,2022-09-08,West
1075,2,2024-05-27,East
1076,2,2023-06-14,South
1077,2,2022-11-23,South
1078,3,2024-08-18,Central
1079,4,2024-06-13,North
1080,2,2022-04-07,North
1081,3,2023-05-28,Central
1082,3,2022-08-04,East
1083,2,2025-03-01,North
1084,4,2025-07-07,South
1085,1,2022-05-05,Central
1086,1,2025-01-10,Central
1087,3,2025-07-30,West
1088,2,2022-02-28,East
1089,3,2022-06-10,East
1090,3,2022-10-11,Central
1091,1,2022-04-16,Central
1092,3,2025-02-02,South
1093,2,2022-08-16,Central
1094,2,2022-11-14,South
1095,2,2024-03-12,South
1096,4,2024-05-23,West
1097,1,2023-04-17,East
1098,2,2024-12-15,Central
1099,2,2023-09-17,North
1100,3,2022-01-13,East
1101,2,2024-11-07,Central
1102,1,2023-11-25,Central
1103,1,2024-08-30,North
1104,2,2022-04-23,South
1105,3,2022-08-17,West
1106,1,2022-06-20,North
1107,1,2022-10-22,Central
1108,4,2022-07-08,Central
1109,1,2023-03-02,North
1110,4,2024-09-03,North
1111,2,2025-01-07,North
1112,3,2023-10-20,Central
1113,1,2024-07-07,South
1114,1,2025-04-20,East
1115,3,2023-05-14,East
1116,3,2024-02-01,West
1117,3,2024-05-15,North
1118,1,2024-04-05,South
1119,3,2022-03-12,Central
1120,3,2022-09-05,Central
1121,2,2022-05-26,Central
1122,3,2025-08-12,North
1123,3,2023-08-05,South
1124,2,2023-04-15,West
1125,1,2022-07-12,South
1126,2,2024-12-27,Central
1127,1,2023-05-09,West
1128,2,2022-02-21,North
1129,2,2024-05-31,Central
1130,1,2022-12-29,Central
1131,2,2024-07-05,North
1132,1,2023-04-19,East
1133,3,2023-06-05,South
1134,4,2025-08-14,South
1135,1,2023-11-22,North
1136,4,2025-05-06,East
1137,2,2025-02-25,Central
1138,1,2023-06-16,East
1139,1,2024-04-19,North
1140,2,2024-12-24,West
1141,3,2022-08-29,South
1142,2,2025-10-24,Central
1143,1,2023-06-20,East
1144,1,2022-03-24,South
1145,2,2024-09-08,South
1146,1,2024-08-08,Central
1147,1,2023-09-03,South
1148,1,2023-07-28,Central
1149,3,2022-10-13,South
1150,4,2024-09-15,South
1151,2,2023-04-04,East
1152,3,2025-05-20,Central
1153,2,2022-05-06,Central
1154,2,2023-03-01,South
1155,1,2023-07-08,South
1156,2,2023-09-02,North
1157,4,2025-03-27,East
1158,2,2022-04-22,East
1159,2,2023-02-06,Central
1160,2,2022-05-02,Central
1161,1,2022-09-30,South
1162,3,2025-08-10,East
1163,2,2023-02-02,Central
1164,2,2023-04-16,Central
1165,2,2024-09-11,North
1166,2,2025-05-15,South
1167,1,2025-02-07,East
1168,2,2025-07-25,South
1169,1,2023-07-23,South
1170,2,2025-02-11,North
1171,3,2024-06-15,West
1172,3,2024-03-30,South
1173,2,2024-05-02,North
1174,2,2023-12-11,South
1175,1,2022-11-17,Central
1176,3,2022-06-28,Central
1177,1,2024-06-15,East
1178,2,2022-08-07,East
1179,1,2024-02-28,Central
1180,1,2023-05-07,South
1181,2,2022-03-02,South
1182,1,2024-12-13,South
1183,3,2023-06-22,North
1184,2,2024-04-27,South
1185,1,2024-09-14,Central
1186,2,2022-03-06,West
1187,1,2023-08-09,East
1188,1,2022-06-20,Central
1189,2,2025-07-20,North
1190,1,2023-06-19,South
1191,3,2023-11-24,East
1192,1,2025-09-12,West
1193,1,2022-04-18,North
1194,3,2025-03-31,East
1195,2,2024-03-24,West
1196,1,2024-10-01,West
1197,2,2023-03-28,West
1198,1,2025-05-14,South
1199,3,2023-08-13,North
1200,2,2024-11-05,East
1201,3,2022-11-23,North
1202,3,2023-08-31,Central
1203,2,2023-10-21,East
1204,3,2022-01-02,South
1205,2,2024-10-30,Central
1206,4,2023-03-10,East
1207,1,2022-05-05,South
1208,2,2025-01-09,Central
1209,2,2023-04-30,Central
1210,2,2023-10-14,West
1211,2,2025-03-19,North
1212,2,2024-03-10,East
1213,1,2024-05-22,Central
1214,1,2025-09-25,North
1215,2,2022-05-09,South
1216,2,2023-03-14,Central
1217,4,2024-01-21,North
1218,3,2023-05-16,Central
1219,4,2024-12-17,East
1220,2,2025-05-06,East
1221,1,2022-07-30,North
1222,1,2024-06-20,Central
1223,3,2022-02-14,South
1224,2,2025-01-25,East
1225,1,2025-07-26,West
1226,2,2023-06-19,West
1227,4,2023-04-06,Central
1228,2,2023-01-26,East
1229,2,2024-12-03,South
1230,2,2022-01-27,Central
1231,1,2024-03-04,West
1232,2,2025-01-25,South
1233,2,2024-09-01,North
1234,1,2023-07-02,Central
1235,3,2023-09-13,South
1236,2,2023-07-21,West
1237,3,2023-12-05,East
1238,3,2025-05-27,South
1239,1,2022-07-04,West
1240,2,2024-12-28,North
1241,2,2025-02-27,East
1242,3,2024-04-27,East
1243,1,2023-08-22,East
1244,2,2024-03-16,West
1245,2,2025-09-19,Central
1246,1,2025-03-23,Central
1247,1,2022-03-20,North
1248,2,2023-08-02,South
1249,3,2023-02-17,East
1250,2,2023-06-30,Central
1251,2,2022-06-18,Central
1252,2,2023-11-12,Central
1253,2,2023-08-06,South
1254,1,2023-05-30,East
1255,3,2025-08-30,East
1256,1,2022-02-01,North
1257,2,2022-10-14,North
1258,1,2023-08-17,Central
1259,1,2024-12-02,South
1260,2,2023-09-09,South
1261,1,2024-10-21,North
1262,3,2022-09-27,Central
1263,1,2025-04-18,East
1264,2,2023-06-02,West
1265,2,2025-01-31,Central
1266,1,2024-10-30,South
1267,1,2023-08-06,West
1268,2,2025-01-18,North
1269,2,2022-08-14,South
1270,2,2023-11-01,Central
1271,2,2024-07-05,Central
1272,2,2022-05-06,South
1273,1,2024-08-13,South
1274,2,2025-05-17,East
1275,4,2025-01-25,North
1276,2,2022-03-15,South
1277,2,2025-04-29,South
1278,2,2022-02-25,South
1279,3,2023-12-21,Central
1280,3,2023-07-07,South
1281,2,2022-02-01,South
1282,4,2023-07-28,East
1283,1,2023-10-29,Central
1284,1,2022-10-11,South
1285,3,2022-07-06,North
1286,3,2023-05-13,South
1287,1,2022-05-10,West
1288,1,2023-10-01,East
1289,1,2025-08-08,Central
1290,1,2022-04-24,Central
1291,3,2025-05-07,Central
1292,2,2022-01-13,West
1293,2,2025-07-18,East
1294,2,2025-05-23,North
1295,1,2023-03-20,Central
1296,1,2023-03-23,South
1297,2,2024-09-12,North
1298,4,2024-09-19,West
1299,3,2023-12-16,South
1300,1,2022-03-15,East
1301,3,2023-06-21,East
1302,3,2022-04-11,East
1303,3,2022-06-25,Central
1304,2,2023-03-03,South
1305,2,2025-02-14,East
1306,2,2025-04-04,East
1307,1,2022-02-10,West
1308,1,2023-03-05,Central
1309,1,2022-12-10,South
1310,2,2023-01-01,West
1311,3,2025-02-17,North
1312,2,2023-09-01,Central
1313,1,2023-10-19,South
1314,4,2023-12-29,West
1315,4,2022-08-17,North
1316,3,2024-04-04,South
1317,4,2025-02-27,East
1318,2,2025-10-07,Central
1319,4,2024-06-07,East
1320,1,2025-09-03,Central
1321,2,2024-09-10,East
1322,1,2024-04-15,East
1323,1,2025-09-22,North
1324,1,2025-07-20,Central
1325,2,2022-04-27,South
1326,3,2024-03-28,Central
1327,2,2023-01-03,Central
1328,1,2025-01-22,Central
1329,3,2022-06-17,East
1330,2,2024-08-11,West
1331,2,2025-09-26,Central
1332,2,2023-10-23,North
1333,1,2023-11-26,West
1334,2,2024-07-13,North
1335,3,2022-06-01,East
1336,1,2023-08-09,North
1337,2,2024-07-01,South
1338,3,2022-10-01,South
1339,2,2023-05-11,East
1340,1,2022-04-11,West
1341,1,2023-07-11,North
1342,1,2025-01-10,East
1343,2,2022-03-14,South
1344,2,2024-11-03,East
1345,1,2022-06-06,West
1346,4,2024-01-05,East
1347,2,2022-05-12,West
1348,1,2025-09-23,South
1349,2,2024-10-15,Central
1350,2,2025-10-31,East
1351,1,2023-07-13,East
1352,1,2022-04-17,West
1353,3,2022-09-22,North
1354,2,2025-05-13,West
1355,2,2025-01-07,West
1356,2,2022-06-04,South
1357,1,2024-09-14,North
1358,1,2024-09-23,North
1359,2,2022-09-04,Central
1360,1,2023-06-15,West
1361,1,2024-05-07,North
1362,3,2023-06-22,South
1363,4,2023-12-30,West
1364,3,2025-03-23,Central
1365,3,2022-06-03,North
1366,1,2022-04-02,South
1367,4,2022-12-04,Central
1368,1,2025-02-28,North
1369,4,2023-03-26,South
1370,4,2024-03-20,Central
1371,2,2024-02-26,West
1372,4,2022-09-30,South
1373,2,2023-08-11,North
1374,1,2022-06-26,North
1375,2,2024-04-10,South
1376,2,2023-10-05,Central
1377,1,2024-12-08,East
1378,2,2023-07-21,West
1379,4,2023-10-28,Central
1380,1,2025-10-10,East
1381,3,2025-08-24,South
1382,3,2024-05-17,East
1383,4,2024-12-05,Central
1384,4,2022-10-29,Central
1385,2,2024-05-17,North
1386,4,2024-06-30,West
1387,3,2023-02-12,East
1388,1,2025-04-27,Central
1389,2,2024-04-01,North
1390,2,2025-02-26,East
1391,1,2023-07-15,Central
1392,2,2025-07-13,East
1393,2,2025-02-15,East
1394,1,2023-04-09,North
1395,2,2022-05-24,South
1396,3,2023-03-18,South
1397,2,2025-05-08,Central
1398,1,2025-03-26,South
1399,1,2023-05-02,East
1400,2,2024-05-09,West
1401,4,2025-03-03,North
1402,1,2022-05-28,East
1403,2,2025-09-21,West
1404,1,2024-12-30,Central
1405,2,2025-06-10,West
1406,3,2025-09-19,West
1407,3,2024-03-21,North
1408,1,2023-10-28,Central
1409,2,2022-03-31,North
1410,1,2025-09-19,Central
1411,2,2022-07-18,South
1412,2,2025-03-30,Central
1413,1,2023-06-22,West
1414,1,2025-02-18,Central
1415,2,2022-10-28,South
1416,3,2023-12-25,East
1417,4,2024-08-20,West
1418,1,2022-03-09,Central
1419,3,2023-04-04,North
1420,2,2023-02-02,Central
1421,2,2023-09-12,Central
1422,3,2025-08-02,South
1423,3,2025-03-09,Central
1424,4,2023-12-31,East
1425,2,2023-07-10,East
1426,2,2024-02-20,South
1427,3,2024-06-12,East
1428,1,2023-09-02,West
1429,2,2024-01-18,East
1430,2,2022-10-09,West
1431,2,2023-10-23,West
1432,1,2024-07-12,West
1433,1,2024-09-22,North
1434,3,2024-01-16,Central
1435,1,2022-03-28,East
1436,2,2025-01-07,South
1437,1,2025-05-13,South
1438,1,2024-03-01,East
1439,1,2025-09-22,Central
1440,1,2025-07-01,South
1441,3,2022-10-31,West
1442,1,2022-05-10,North
1443,4,2023-08-19,East
1444,2,2025-07-23,Central
1445,2,2023-07-12,Central
1446,2,2024-06-17,South
1447,2,2025-04-21,East
1448,3,2025-07-15,South
1449,1,2025-09-07,East
1450,2,2022-03-19,Central
1451,3,2024-02-23,Central
1452,4,2025-09-24,South
1453,3,2023-11-05,Central
1454,2,2022-08-26,West
1455,3,2025-03-03,South
1456,2,2025-04-30,East
1457,2,2025-10-11,West
1458,1,2022-10-05,East
1459,2,2024-11-07,East
1460,1,2023-06-08,East
1461,2,2022-06-29,North
1462,3,2022-05-03,Central
1463,1,2025-06-23,East
1464,1,2025-10-28,North
1465,1,2024-12-10,Central
1466,4,2024-12-30,Central
1467,2,2023-04-25,Central
1468,2,2024-11-08,South
1469,3,2022-03-25,North
1470,3,2025-03-24,East
1471,2,2023-07-19,North
1472,2,2023-09-11,Central
1473,3,2022-12-23,South
1474,2,2024-03-26,South
1475,1,2023-10-09,East
1476,3,2023-03-19,South
1477,2,2024-12-28,Central
1478,1,2023-06-07,East
1479,2,2022-05-23,North
1480,1,2022-07-11,South
1481,1,2023-01-13,East
1482,3,2023-08-04,North
1483,1,2023-06-19,West
1484,2,2025-08-09,East
1485,2,2024-10-29,West
1486,1,2025-07-18,Central
1487,4,2022-04-03,Central
1488,1,2023-06-13,Central
1489,2,2025-03-23,South
1490,2,2023-02-09,North
1491,1,2024-04-19,South
1492,1,2025-03-18,Central
1493,3,2024-06-07,Central
1494,4,2025-07-14,Central
1495,1,2023-02-26,North
1496,2,2023-04-17,Central
1497,3,2024-06-11,East
1498,3,2023-07-01,North
1499,2,2023-09-23,East
1500,2,2024-11-03,North
1501,2,2024-02-17,East
1502,2,2022-12-30,South
1503,3,2022-04-29,East
1504,1,2025-06-15,West
1505,2,2023-06-30,Central
1506,3,2025-04-07,West
1507,3,2023-06-06,East
1508,4,2023-09-26,Central
1509,3,2024-08-20,Central
1510,2,2024-08-15,North
1511,2,2024-06-01,East
1512,2,2024-02-19,South
1513,1,2024-05-20,North
1514,2,2023-05-31,West
1515,2,2024-07-26,Central
1516,1,2024-05-15,North
1517,3,2022-04-16,Central
1518,2,2025-01-13,Central
1519,4,2022-08-02,Central
1520,1,2025-02-18,South
1521,1,2025-03-01,Central
1522,2,2024-04-29,South
1523,1,2022-07-16,East
1524,2,2022-01-19,North
1525,3,2023-10-04,North
1526,1,2024-11-01,West
1527,2,2025-01-09,East
1528,2,2022-11-26,South
1529,2,2024-05-15,South
1530,4,2024-02-13,West
1531,3,2023-01-27,North
1532,2,2023-09-29,Central
1533,2,2022-11-03,North
1534,2,2025-07-14,South
1535,4,2024-06-13,South
1536,2,2023-10-14,East
1537,3,2024-04-20,South
1538,3,2024-10-22,South
1539,1,2023-06-04,Central
1540,3,2023-09-28,West
1541,1,2025-08-25,North
1542,2,2024-01-10,East
1543,2,2023-04-14,Central
1544,4,2022-07-31,South
1545,3,2025-02-09,North
1546,2,2024-10-28,Central
1547,3,2024-03-14,West
1548,2,2023-04-22,East
1549,4,2024-05-23,North
1550,2,2023-04-05,North
1551,2,2022-09-10,West
1552,1,2024-01-22,South
1553,3,2024-09-07,East
1554,3,2024-05-03,East
1555,2,2022-08-24,South
1556,1,2025-08-22,Central
1557,3,2023-04-23,Central
1558,1,2023-11-10,West
1559,2,2024-11-09,North
1560,4,2022-08-04,North
1561,2,2024-05-04,East
1562,1,2022-05-15,North
1563,2,2024-06-23,Central
1564,3,2025-02-26,North
1565,2,2023-02-14,East
1566,4,2025-08-10,South
1567,1,2025-06-23,West
1568,2,2022-03-27,North
1569,2,2023-07-10,East
1570,3,2025-10-30,South
1571,1,2023-01-13,Central
1572,3,2024-12-10,North
1573,2,2022-08-30,Central
1574,2,2025-08-10,Central
1575,1,2024-07-08,South
1576,3,2022-09-23,Central
1577,1,2025-02-17,North
1578,2,2023-12-13,Central
1579,1,2025-06-25,East
1580,3,2022-03-11,South
1581,2,2022-02-26,South
1582,3,2022-02-08,North
1583,1,2024-03-11,Central
1584,2,2024-11-07,North
1585,2,2024-01-02,West
1586,3,2024-04-04,East
1587,3,2024-01-26,Central
1588,1,2022-12-18,South
1589,2,2025-08-14,East
1590,1,2022-10-10,East
1591,2,2022-04-20,West
1592,1,2024-10-13,North
1593,2,2025-04-18,South
1594,2,2023-06-28,South
1595,2,2022-01-25,West
1596,2,2024-04-22,South
1597,3,2024-03-01,East
1598,2,2024-01-08,South
1599,1,2022-02-26,Central
1600,3,2022-06-29,Central
1601,1,2022-08-20,East
1602,2,2022-12-09,South
1603,2,2023-04-22,South
1604,2,2023-07-30,North
1605,1,2023-03-31,South
1606,2,2025-06-09,West
1607,4,2022-10-16,East
1608,2,2025-05-21,Central
1609,2,2022-09-15,South
1610,2,2023-06-14,West
1611,1,2023-11-18,East
1612,2,2024-07-17,East
1613,3,2022-08-17,South
1614,1,2025-06-03,East
1615,1,2023-08-19,East
1616,1,2023-03-11,West
1617,2,2024-05-31,Central
1618,4,2024-10-17,South
1619,1,2023-02-06,North
1620,2,2023-09-14,East
1621,1,2022-03-29,East
1622,4,2023-08-07,North
1623,1,2022-11-05,Central
1624,2,2024-06-24,Central
1625,3,2022-12-09,Central
1626,2,2023-03-12,South
1627,2,2022-06-26,Central
1628,2,2022-05-19,West
1629,2,2022-07-13,East
1630,1,2025-04-24,East
1631,1,2025-05-26,Central
1632,2,2025-04-02,East
1633,1,2025-03-30,South
1634,1,2024-07-31,East
1635,2,2023-06-09,East
1636,4,2024-12-01,South
1637,2,2024-07-03,Central
1638,1,2022-07-29,West
1639,1,2024-01-11,West
1640,4,2024-05-11,North
1641,1,2025-07-22,West
1642,1,2024-08-11,North
1643,2,2025-07-26,North
1644,2,2025-06-28,East
1645,2,2025-08-26,East
1646,1,2024-04-12,East
1647,1,2022-05-20,North
1648,4,2024-03-02,East
1649,1,2023-06-30,North
1650,2,2024-10-13,Central
1651,2,2022-02-26,East
1652,2,2022-04-22,West
1653,2,2022-01-05,South
1654,1,2025-04-20,North
1655,2,2024-11-02,Central
1656,3,2025-09-24,South
1657,4,2025-07-06,East
1658,1,2022-03-31,West
1659,1,2023-09-08,North
1660,4,2024-06-09,Central
1661,3,2023-11-29,East
1662,3,2025-06-27,South
1663,1,2025-07-02,North
1664,2,2024-06-16,North
1665,2,2024-08-28,Central
1666,2,2025-02-05,West
1667,2,2023-10-30,South
1668,1,2023-08-17,North
1669,2,2023-08-12,West
1670,1,2023-04-30,East
1671,2,2024-09-08,East
1672,4,2024-08-29,South
1673,2,2025-07-05,South
1674,3,2023-10-01,West
1675,1,2024-09-23,Central
1676,2,2022-10-09,North
1677,4,2024-09-12,West
1678,1,2025-01-16,East
1679,1,2025-05-12,East
1680,2,2022-01-16,South
1681,1,2025-03-20,Central
1682,3,2024-07-24,East
1683,3,2022-09-11,East
1684,2,2025-04-26,South
1685,1,2022-11-25,South
1686,2,2023-06-28,North
1687,3,2024-02-22,West
1688,1,2024-09-23,South
1689,2,2025-09-15,West
1690,2,2024-04-24,South
1691,2,2025-04-07,East
1692,1,2023-01-01,East
1693,2,2025-04-16,South
1694,1,2023-10-17,North
1695,1,2025-10-17,South
1696,3,2024-01-30,West
1697,3,2023-10-01,West
1698,1,2024-11-29,South
1699,1,2024-07-12,East
1700,1,2023-02-20,South
1701,1,2025-10-10,South
1702,1,2022-09-12,North
1703,1,2025-03-12,Central
1704,2,2023-12-11,South
1705,3,2023-07-31,South
1706,2,2024-06-18,South
1707,2,2022-01-11,North
1708,1,2022-01-26,West
1709,4,2024-08-14,North
1710,3,2023-02-25,North
1711,3,2025-05-29,West
1712,3,2023-05-11,South
1713,4,2025-06-14,West
1714,2,2022-08-25,East
1715,1,2024-10-05,South
1716,2,2022-08-07,West
1717,3,2023-04-06,North
1718,3,2023-10-25,East
1719,2,2023-09-27,East
1720,1,2025-03-13,South
1721,2,2024-09-16,West
1722,4,2022-07-08,Central
1723,2,2022-09-12,Central
1724,2,2022-03-09,West
1725,1,2023-09-08,East
1726,2,2022-12-02,South
1727,3,2023-11-02,South
1728,2,2024-03-31,East
1729,3,2024-05-23,South
1730,2,2022-10-27,Central
1731,2,2022-12-23,South
1732,1,2022-09-13,South
1733,2,2024-10-04,South
1734,2,2022-12-19,Central
1735,2,2023-06-08,West
1736,2,2024-08-07,West
1737,4,2024-01-26,South
1738,1,2022-10-11,Central
1739,3,2025-08-28,North
1740,1,2022-04-09,Central
1741,2,2022-07-16,East
1742,1,2023-04-27,South
1743,2,2024-05-27,East
1744,2,2025-06-03,West
1745,1,2023-09-07,North
1746,2,2023-09-10,Central
1747,4,2025-10-20,East
1748,1,2023-01-03,South
1749,3,2023-07-24,North
1750,2,2023-08-13,East
1751,2,2025-01-03,East
1752,1,2024-12-01,East
1753,1,2023-02-26,West
1754,1,2024-04-15,East
1755,1,2025-04-19,Central
1756,1,2023-06-29,West
1757,2,2022-03-12,Central
1758,3,2025-02-02,North
1759,3,2025-05-08,South
1760,2,2025-01-29,South
1761,1,2024-02-07,East
1762,1,2022-11-03,Central
1763,2,2023-01-12,North
1764,1,2023-10-17,North
1765,2,2023-11-09,Central
1766,2,2023-02-03,South
1767,2,2022-08-09,West
1768,2,2022-07-01,East
1769,3,2022-11-03,Central
1770,3,2023-06-06,North
1771,2,2024-10-10,North
1772,3,2022-01-04,East
1773,4,2024-05-12,Central
1774,2,2024-04-27,East
1775,2,2024-03-14,South
1776,2,2025-07-28,West
1777,4,2022-08-03,Central
1778,3,2024-08-29,Central
1779,1,2022-04-11,Central
1780,2,2024-08-20,North
1781,2,2023-07-27,North
1782,2,2025-08-25,West
1783,1,2023-10-20,Central
1784,3,2024-07-27,South
1785,2,2024-12-22,South
1786,3,2022-08-14,Central
1787,3,2022-04-15,North
1788,3,2024-02-11,South
1789,2,2025-07-02,East
1790,2,2023-03-05,East
1791,1,2023-03-10,West
1792,2,2025-05-15,South
1793,1,2024-11-17,West
1794,2,2023-11-13,East
1795,1,2025-09-21,East
1796,1,2023-08-11,West
1797,1,2024-12-28,South
1798,1,2024-05-15,North
1799,2,2024-01-16,North
1800,3,2025-04-05,South
1801,2,2024-05-13,East
1802,1,2023-01-03,Central
1803,1,2022-09-08,West
1804,1,2024-05-08,Central
1805,1,2024-05-05,South
1806,3,2025-04-08,East
1807,1,2025-01-18,South
1808,2,2023-07-15,South
1809,1,2022-10-21,North
1810,1,2024-07-07,West
1811,2,2025-03-19,Central
1812,2,2025-03-01,North
1813,1,2023-03-09,North
1814,1,2022-02-28,Central
1815,2,2024-08-26,South
1816,1,2024-04-15,Central
1817,1,2022-07-18,West
1818,4,2022-08-03,Central
1819,2,2024-06-16,East
1820,2,2023-04-17,West
1821,2,2022-09-04,East
1822,2,2023-01-17,West
1823,2,2024-09-17,East
1824,2,2025-06-16,South
1825,2,2024-07-15,East
1826,1,2025-10-22,East
1827,2,2025-04-06,Central
1828,2,2023-07-14,West
1829,3,2024-12-10,West
1830,2,2023-11-20,North
1831,2,2023-01-15,West
1832,1,2023-04-19,East
1833,2,2025-01-08,Central
1834,1,2023-11-28,Central
1835,2,2025-10-22,North
1836,1,2024-06-29,Central
1837,2,2024-08-17,North
1838,1,2023-04-23,South
1839,2,2024-09-30,East
1840,3,2024-07-14,North
1841,1,2023-12-08,West
1842,2,2025-05-22,North
1843,2,2025-10-24,North
1844,1,2024-05-03,East
1845,3,2025-02-11,West
1846,1,2024-10-13,Central
1847,2,2024-01-24,West
1848,2,2023-05-18,West
1849,2,2024-03-27,South
1850,2,2023-08-11,North
1851,1,2025-08-27,North
1852,1,2023-12-09,East
1853,3,2024-12-03,West
1854,2,2025-06-23,East
1855,3,2025-01-12,West
1856,3,2022-07-26,East
1857,3,2022-05-31,North
1858,2,2023-10-30,South
1859,2,2023-06-12,Central
1860,3,2022-06-14,West
1861,2,2024-07-05,Central
1862,1,2025-03-14,North
1863,3,2024-10-06,Central
1864,3,2022-02-06,South
1865,2,2022-11-29,North
1866,1,2023-02-07,Central
1867,2,2023-02-18,South
1868,3,2022-02-14,West
1869,3,2022-07-25,North
1870,1,2022-03-03,East
1871,1,2023-02-24,Central
1872,3,2024-05-17,South
1873,2,2024-03-30,West
1874,2,2022-01-19,South
1875,4,2022-12-31,West
1876,1,2025-08-16,South
1877,2,2024-10-27,South
1878,1,2023-03-04,South
1879,2,2025-02-14,North
1880,3,2023-08-03,Central
1881,2,2023-06-30,South
1882,4,2022-11-21,South
1883,2,2022-02-24,East
1884,2,2024-02-17,South
1885,1,2024-09-18,West
1886,2,2022-02-11,Central
1887,2,2025-08-13,East
1888,1,2022-08-19,Central
1889,2,2023-03-29,East
1890,2,2023-01-29,North
1891,3,2025-10-13,West
1892,2,2025-02-25,East
1893,2,2023-11-22,West
1894,1,2023-01-27,Central
1895,1,2025-05-01,East
1896,2,2023-08-27,Central
1897,2,2024-05-30,Central
1898,1,2025-01-06,East
1899,3,2022-03-26,West
1900,3,2024-11-19,South
1901,2,2022-02-18,Central
1902,1,2025-03-14,West
1903,3,2022-03-10,North
1904,2,2024-12-17,South
1905,3,2023-11-28,West
1906,3,2023-04-24,North
1907,3,2024-03-30,North
1908,2,2025-08-12,East
1909,1,2025-04-09,South
1910,2,2022-05-27,East
1911,2,2025-08-22,South
1912,3,2024-10-12,North
1913,1,2023-09-01,West
1914,1,2023-03-22,East
1915,3,2022-08-09,South
1916,3,2025-07-13,South
1917,3,2022-04-05,West
1918,3,2022-09-19,North
1919,2,2024-06-15,North
1920,2,2024-12-30,North
1921,3,2022-08-07,Central
1922,2,2022-04-02,Central
1923,2,2022-05-07,Central
1924,1,2022-03-21,West
1925,2,2025-06-15,West
1926,2,2024-09-09,East
1927,1,2025-10-27,West
1928,1,2024-07-04,North
1929,2,2023-05-01,West
1930,1,2023-11-25,Central
1931,1,2022-01-25,East
1932,2,2022-06-05,South
1933,3,2023-09-24,South
1934,2,2024-12-16,West
1935,1,2022-01-19,West
1936,1,2025-05-01,Central
1937,2,2022-08-25,South
1938,2,2022-10-04,Central
1939,3,2025-06-04,East
1940,2,2024-01-15,Central
1941,3,2023-07-06,East
1942,1,2025-09-08,East
1943,2,2025-03-22,East
1944,1,2023-10-01,West
1945,4,2022-08-25,Central
1946,2,2024-09-24,North
1947,2,2022-02-24,North
1948,1,2023-11-15,Central
1949,1,2022-04-19,East
1950,2,2025-04-22,West
1951,1,2025-10-23,East
1952,2,2025-05-06,North
1953,1,2025-10-26,Central
1954,2,2023-01-08,West
1955,3,2024-08-30,South
1956,3,2022-07-20,South
1957,3,2024-04-28,Central
1958,1,2023-05-24,North
1959,1,2025-09-07,Central
1960,2,2022-10-02,South
1961,2,2022-07-30,West
1962,2,2023-05-19,Central
1963,1,2025-02-15,West
1964,1,2023-12-04,East
1965,1,2022-02-11,West
1966,3,2022-11-11,South
1967,1,2024-02-27,South
1968,2,2022-11-25,Central
1969,1,2024-11-06,Central
1970,2,2022-10-10,West
1971,2,2024-07-31,South
1972,3,2022-09-15,North
1973,3,2023-07-29,North
1974,2,2023-07-28,East
1975,3,2023-09-04,Central
1976,4,2024-11-08,East
1977,3,2024-04-16,Central
1978,3,2023-02-27,North
1979,1,2025-10-28,South
1980,2,2024-01-28,South
1981,1,2024-02-02,East
1982,1,2025-01-09,North
1983,4,2023-02-28,Central
1984,2,2023-03-05,South
1985,3,2022-07-23,Central
1986,3,2022-07-15,East
1987,3,2023-12-29,Central
1988,4,2022-10-12,East
1989,1,2022-07-15,Central
1990,1,2022-11-03,North
1991,2,2022-01-14,West
1992,1,2025-03-15,Central
1993,1,2024-12-16,North
1994,2,2023-12-24,North
1995,3,2024-02-19,East
1996,2,2025-05-18,Central
1997,2,2023-06-13,East
1998,2,2024-03-08,East
1999,1,2022-12-10,North
2000,1,2025-07-26,North
2001,3,2022-07-28,Central
2002,2,2023-10-03,North
2003,3,2025-09-20,West
2004,1,2025-08-04,Central
2005,3,2022-09-09,South
2006,2,2025-07-12,West
2007,2,2022-09-28,North
2008,2,2024-07-08,West
2009,3,2023-02-23,North
2010,2,2024-03-05,West
2011,2,2025-05-19,South
2012,4,2025-10-20,East
2013,3,2025-01-04,West
2014,2,2025-09-06,North
2015,2,2023-12-26,West
2016,2,2023-03-09,South
2017,1,2022-04-19,West
2018,2,2023-10-03,North
2019,4,2024-12-06,West
2020,4,2023-01-14,North
2021,2,2025-01-24,East
2022,2,2024-08-15,South
2023,1,2022-04-13,West
2024,4,2024-06-10,South
2025,4,2024-05-03,Central
2026,2,2025-03-15,Central
2027,3,2024-11-16,South
2028,2,2023-06-14,West
2029,2,2023-11-10,North
2030,1,2024-09-15,South
2031,2,2025-01-10,West
2032,2,2023-03-04,West
2033,2,2024-04-01,West
2034,2,2025-03-31,South
2035,4,2024-07-20,South
2036,1,2024-11-27,North
2037,2,2023-05-26,West
2038,2,2023-01-28,East
2039,2,2023-12-14,West
2040,2,2023-05-09,South
2041,1,2025-05-08,South
2042,1,2025-07-02,South
2043,2,2025-04-17,North
2044,2,2023-07-01,South
2045,1,2023-08-17,Central
2046,2,2023-01-24,Central
2047,2,2022-06-07,East
2048,2,2024-10-24,East
2049,3,2022-06-16,North
2050,1,2024-08-17,Central
2051,1,2023-02-13,North
2052,3,2025-05-12,Central
2053,2,2022-07-13,East
2054,2,2022-08-23,South
2055,3,2023-12-19,Central
2056,3,2025-03-19,North
2057,4,2025-03-28,East
2058,2,2025-07-26,East
2059,2,2024-03-26,South
2060,2,2023-02-08,East
2061,1,2024-06-11,West
2062,2,2023-11-09,West
2063,1,2025-08-27,North
2064,4,2022-03-09,Central
2065,2,2022-03-29,North
2066,2,2022-08-05,South
2067,2,2022-01-01,South
2068,1,2025-03-04,North
2069,1,2025-10-06,North
2070,2,2022-05-20,Central
2071,1,2023-09-10,South
2072,2,2022-05-13,North
2073,3,2022-06-27,North
2074,3,2024-03-20,West
2075,2,2025-10-13,Central
2076,1,2023-01-15,South
2077,3,2024-06-26,North
2078,3,2023-10-20,South
2079,1,2023-03-26,North
2080,3,2023-08-09,North
2081,1,2023-04-08,East
2082,3,2024-09-16,South
2083,4,2025-02-05,East
2084,1,2022-05-02,South
2085,3,2022-01-17,Central
2086,2,2025-05-04,Central
2087,4,2022-11-23,East
2088,2,2022-11-14,South
2089,3,2024-03-19,South
2090,1,2025-06-29,East
2091,2,2023-05-18,West
2092,1,2022-04-29,East
2093,4,2023-12-11,Central
2094,3,2022-02-14,Central
2095,3,2022-11-10,South
2096,4,2025-04-17,East
2097,1,2023-02-22,North
2098,2,2023-07-10,South
2099,1,2025-01-06,East
2100,1,2022-11-22,South
2101,1,2025-10-12,Central
2102,2,2023-05-30,North
2103,1,2022-08-02,East
2104,1,2022-03-15,West
2105,1,2023-05-24,West
2106,1,2022-11-28,South
2107,4,2025-01-21,Central
2108,3,2023-11-19,East
2109,4,2023-10-19,East
2110,2,2025-07-16,North
2111,1,2025-10-31,East
2112,3,2024-10-24,Central
2113,2,2025-03-07,West
2114,1,2025-06-08,Central
2115,1,2023-08-23,East
2116,1,2024-12-11,North
2117,1,2022-11-21,North
2118,2,2024-09-18,South
2119,2,2023-12-18,West
2120,1,2023-12-24,Central
2121,1,2022-10-04,South
2122,3,2023-06-20,East
2123,1,2022-06-01,East
2124,2,2024-08-12,East
2125,3,2022-09-16,South
2126,1,2022-11-20,North
2127,1,2024-10-13,South
2128,2,2024-05-18,North
2129,2,2025-04-06,South
2130,2,2023-11-19,North
2131,3,2022-11-06,West
2132,1,2024-03-13,South
2133,2,2024-12-15,Central
2134,2,2023-09-12,South
2135,1,2023-04-18,South
2136,2,2025-08-12,South
2137,1,2023-04-06,North
2138,2,2025-09-09,Central
2139,1,2024-03-24,North
2140,2,2024-04-25,Central
2141,2,2025-03-10,Central
2142,3,2023-10-29,East
2143,1,2022-09-19,East
2144,2,2025-06-18,West
2145,2,2022-12-21,South
2146,3,2024-02-09,West
2147,2,2022-06-29,North
2148,2,2022-03-07,North
2149,3,2024-03-30,East
2150,3,2025-10-03,East
2151,2,2022-06-20,Central
2152,2,2023-04-19,North
2153,3,2023-06-18,Central
2154,4,2025-10-22,South
2155,3,2025-02-04,South
2156,2,2023-03-15,South
2157,1,2024-04-14,East
2158,2,2022-08-15,North
2159,3,2023-03-18,East
2160,2,2023-01-31,Central
2161,2,2023-12-29,East
2162,3,2022-03-25,East
2163,2,2024-11-02,Central
2164,3,2023-11-24,West
2165,2,2023-05-08,East
2166,2,2025-07-15,South
2167,2,2025-02-17,Central
2168,3,2024-08-27,East
2169,1,2022-12-19,South
2170,1,2024-12-16,South
2171,4,2022-02-09,Central
2172,1,2025-09-21,North
2173,2,2023-10-02,Central
2174,2,2022-06-22,North
2175,2,2022-09-16,Central
2176,2,2023-06-01,South
2177,1,2023-12-31,East
2178,2,2023-06-07,Central
2179,2,2024-04-18,East
2180,2,2022-04-27,East
2181,1,2022-07-03,North
2182,2,2025-02-13,North
2183,1,2022-06-11,South
2184,1,2023-06-27,West
2185,1,2025-06-14,North
2186,1,2024-04-18,North
2187,3,2024-12-25,East
2188,1,2024-12-29,West
2189,4,2023-03-23,West
2190,4,2023-02-20,North
2191,2,2023-06-16,North
2192,1,2023-03-17,Central
2193,2,2024-01-08,South
2194,3,2023-04-09,Central
2195,2,2023-01-31,Central
2196,1,2023-12-12,Central
2197,2,2023-01-30,North
2198,3,2022-11-22,Central
2199,3,2025-01-19,Central
2200,1,2024-01-20,West
2201,2,2024-12-29,South
2202,1,2025-04-04,South
2203,1,2023-10-04,North
2204,3,2022-08-02,East
2205,1,2025-09-20,East
2206,1,2023-01-04,South
2207,1,2022-02-18,East
2208,3,2024-12-11,South
2209,3,2025-08-05,West
2210,2,2025-06-16,Central
2211,3,2022-05-13,North
2212,1,2024-09-25,South
2213,2,2024-02-25,North
2214,2,2025-04-04,West
2215,1,2025-10-29,West
2216,2,2023-01-08,Central
2217,4,2023-04-24,South
2218,1,2024-04-11,Central
2219,1,2023-10-12,North
2220,1,2023-11-13,West
2221,1,2023-11-19,North
2222,3,2025-08-16,Central
2223,2,2022-03-23,East
2224,2,2022-03-28,West
2225,3,2022-08-13,Central
2226,1,2022-01-16,North
2227,2,2024-04-01,North
2228,2,2025-10-13,Central
2229,2,2022-06-12,South
2230,4,2023-05-29,North
2231,3,2022-12-16,East
2232,2,2023-11-12,West
2233,3,2025-10-30,North
2234,1,2025-01-20,South
2235,1,2022-06-30,North
2236,1,2024-01-13,East
2237,2,2025-08-17,Central
2238,2,2023-10-22,Central
2239,2,2025-04-27,West
2240,3,2025-08-30,North
2241,2,2023-05-08,Central
2242,2,2024-07-11,East
2243,1,2022-05-08,North
2244,1,2023-07-19,Central
2245,2,2025-04-25,Central
2246,2,2023-07-04,West
2247,3,2023-03-29,West
2248,1,2023-04-16,South
2249,1,2024-09-14,South
2250,2,2024-01-08,West
2251,1,2022-08-12,South
2252,1,2022-06-03,East
2253,3,2023-07-14,Central
2254,1,2022-12-17,Central
2255,2,2025-03-16,East
2256,1,2022-12-15,Central
2257,1,2022-07-01,Central
2258,2,2023-09-29,West
2259,3,2024-10-14,South
2260,2,2022-06-28,South
2261,3,2024-11-28,South
2262,1,2024-02-11,North
2263,3,2024-06-12,South
2264,1,2024-10-23,South
2265,2,2024-10-12,East
2266,2,2022-03-05,Central
2267,4,2022-01-29,North
2268,2,2023-01-07,West
2269,1,2022-04-07,West
2270,1,2025-05-11,North
2271,3,2024-09-19,Central
2272,2,2022-01-21,East
2273,3,2024-01-05,South
2274,1,2025-01-30,Central
2275,2,2024-12-05,South
2276,1,2022-03-07,West
2277,4,2023-08-26,North
2278,2,2025-04-02,Central
2279,4,2025-02-08,East
2280,1,2022-12-04,West
2281,2,2022-05-03,South
2282,2,2023-03-23,West
2283,2,2023-09-03,Central
2284,3,2025-08-07,East
2285,4,2023-11-02,West
2286,3,2023-09-07,East
2287,3,2024-06-15,Central
2288,1,2022-10-08,East
2289,1,2024-12-02,Central
2290,4,2023-08-19,Central
2291,1,2023-12-04,East
2292,2,2024-12-10,South
2293,2,2022-07-29,East
2294,2,2022-05-06,Central
2295,4,2023-05-07,South
2296,2,2024-08-17,East
2297,2,2024-08-27,Central
2298,1,2023-08-04,South
2299,2,2024-02-16,West
2300,1,2022-09-15,South
2301,2,2025-04-26,North
2302,3,2022-08-18,Central
2303,4,2022-07-08,North
2304,1,2022-01-10,South
2305,2,2025-02-11,Central
2306,4,2025-01-04,South
2307,1,2023-11-07,Central
2308,1,2023-05-17,Central
2309,1,2022-03-26,South
2310,2,2022-02-18,North
2311,1,2024-04-17,West
2312,4,2024-10-04,East
2313,2,2023-11-20,North
2314,2,2023-01-22,West
2315,1,2024-08-27,North
2316,2,2024-10-02,Central
2317,2,2022-08-06,North
2318,3,2024-10-01,North
2319,3,2025-10-01,North
2320,2,2025-06-07,Central
2321,3,2022-09-12,West
2322,3,2022-08-24,Central
2323,3,2024-11-15,South
2324,1,2025-07-08,South
2325,1,2022-09-28,South
2326,1,2022-05-03,East
2327,2,2023-10-18,East
2328,2,2025-07-04,West
2329,2,2022-09-16,South
2330,3,2024-08-05,Central
2331,3,2022-02-16,North
2332,3,2024-05-12,Central
2333,2,2023-06-09,North
2334,2,2024-06-06,East
2335,1,2022-07-27,South
2336,1,2025-08-27,East
2337,1,2024-01-17,East
2338,2,2022-05-29,East
2339,2,2023-03-14,East
2340,3,2022-06-04,West
2341,1,2025-01-18,West
2342,3,2022-12-24,Central
2343,2,2025-04-12,South
2344,1,2025-05-25,West
2345,2,2023-04-01,East
2346,1,2024-02-15,South
2347,2,2023-09-21,East
2348,2,2025-05-07,South
2349,1,2024-04-11,North
2350,1,2023-05-01,South
2351,2,2023-06-17,North
2352,3,2022-07-19,West
2353,2,2023-01-06,West
2354,3,2024-10-10,Central
2355,2,2024-05-02,West
2356,4,2022-09-05,North
2357,3,2024-02-27,Central
2358,2,2022-09-21,Central
2359,2,2024-12-17,East
2360,3,2025-08-18,East
2361,2,2022-01-31,Central
2362,2,2025-06-26,East
2363,1,2023-08-28,Central
2364,3,2025-07-18,North
2365,3,2023-05-17,South
2366,1,2025-01-12,East
2367,2,2025-10-20,East
2368,2,2024-06-04,Central
2369,1,2023-07-03,Central
2370,4,2025-09-27,South
2371,1,2024-04-18,North
2372,1,2025-01-21,Central
2373,2,2024-04-27,West
2374,3,2023-09-06,South
2375,1,2023-02-16,East
2376,2,2023-03-08,West
2377,2,2023-11-09,Central
2378,1,2022-06-08,East
2379,1,2022-01-14,South
2380,2,2023-01-08,Central
2381,1,2022-08-13,West
2382,4,2025-01-01,East
2383,3,2025-06-26,South
2384,4,2023-05-26,West
2385,1,2023-08-26,South
2386,4,2022-08-04,North
2387,2,2024-09-14,East
2388,2,2025-05-28,South
2389,1,2024-04-19,West
2390,1,2023-12-28,North
2391,2,2025-05-29,West
2392,2,2023-07-08,South
2393,1,2024-12-01,North
2394,2,2023-11-07,North
2395,1,2024-05-22,Central
2396,2,2022-10-10,Central
2397,2,2024-12-17,South
2398,3,2024-04-13,Central
2399,3,2023-06-21,West
2400,2,2025-01-01,Central
2401,2,2024-07-11,South
2402,2,2025-02-26,West
2403,3,2024-04-21,North
2404,2,2024-08-05,South
2405,1,2023-10-27,Central
2406,1,2025-02-22,East
2407,2,2022-03-08,South
2408,2,2022-01-06,North
2409,3,2023-09-29,West
2410,1,2022-11-10,West
2411,2,2025-09-11,South
2412,3,2023-07-19,Central
2413,3,2024-04-05,North
2414,2,2023-05-21,South
2415,2,2025-01-10,Central
2416,2,2024-10-22,South
2417,4,2022-07-23,South
2418,1,2023-10-24,East
2419,4,2024-03-15,Central
2420,2,2023-02-08,North
2421,2,2025-01-31,Central
2422,1,2023-06-20,Central
2423,2,2025-10-23,South
2424,2,2025-05-20,West
2425,1,2023-07-31,South
2426,2,2025-05-17,East
2427,4,2024-02-02,Central
2428,2,2022-04-27,Central
2429,2,2023-09-20,North
2430,1,2024-01-19,East
2431,2,2022-04-15,East
2432,1,2023-05-10,South
2433,2,2022-02-15,South
2434,4,2024-04-02,North
2435,2,2025-09-16,West
2436,1,2025-05-24,East
2437,2,2024-09-08,South
2438,2,2024-08-17,Central
2439,2,2024-04-24,Central
2440,3,2023-03-25,East
2441,3,2023-06-20,South
2442,2,2023-05-26,West
2443,2,2023-06-24,South
2444,1,2022-01-16,South
2445,1,2022-08-31,West
2446,2,2025-05-15,North
2447,2,2024-06-30,North
2448,2,2025-07-18,North
2449,2,2024-01-31,North
2450,1,2023-12-06,North
2451,2,2022-04-25,Central
2452,1,2025-08-15,South
2453,1,2023-02-01,North
2454,3,2023-01-29,South
2455,1,2025-01-03,Central
2456,2,2024-09-04,East
2457,1,2025-01-31,South
2458,3,2022-10-24,Central
2459,2,2024-09-28,South
2460,1,2022-06-27,South
2461,2,2025-05-23,South
2462,3,2024-08-24,South
2463,4,2022-11-11,South
2464,1,2024-11-28,West
2465,3,2022-09-16,South
2466,4,2022-01-07,East
2467,3,2022-02-18,North
2468,2,2022-06-10,South
2469,2,2022-06-25,East
2470,2,2024-10-22,Central
2471,3,2024-09-27,South
2472,2,2023-03-31,West
2473,2,2022-10-03,South
2474,2,2023-05-13,North
2475,3,2023-11-07,North
2476,3,2024-11-17,South
2477,1,2025-09-18,North
2478,3,2024-10-21,North
2479,2,2025-04-26,Central
2480,3,2022-02-25,North
2481,2,2023-07-01,East
2482,2,2025-02-09,South
2483,3,2025-08-26,East
2484,1,2022-02-05,East
2485,3,2023-03-15,South
2486,2,2023-08-18,South
2487,2,2025-09-10,West
2488,2,2022-11-03,Central
2489,2,2023-09-11,South
2490,2,2025-02-06,North
2491,1,2025-10-27,Central
2492,1,2022-12-23,South
2493,1,2022-06-30,East
2494,4,2025-10-11,South
2495,4,2022-03-09,North
2496,2,2022-10-19,East
2497,3,2023-11-23,East
2498,2,2022-06-30,South
2499,2,2023-03-10,East
2500,3,2024-07-02,Central
