sale_date,daily_revenue,daily_gross_profit,total_units_sold,transaction_lines,year,month,day_of_week,season,is_weekend,is_holiday,temperature
2023-01-01,5911.79,3272.54,1221,21,2023,1,Sunday,Winter,1,1,45
2023-01-02,3699.1,2026.95,760,21,2023,1,Monday,Winter,0,0,41
2023-01-03,3737.85,2065.75,755,21,2023,1,Tuesday,Winter,0,0,46
2023-01-04,3468.32,1895.12,698,21,2023,1,Wednesday,Winter,0,0,52
2023-01-05,3328.1,1841.5,710,21,2023,1,Thursday,Winter,0,0,40
2023-01-06,4015.37,2184.62,833,21,2023,1,Friday,Winter,0,0,40
2023-01-07,4637.2,2484.05,770,21,2023,1,Saturday,Winter,1,0,53
2023-01-08,4432.17,2369.9700000000003,703,21,2023,1,Sunday,Winter,1,0,47
2023-01-09,3898.11,2117.5099999999998,709,21,2023,1,Monday,Winter,0,0,38
2023-01-10,3787.21,2044.21,689,21,2023,1,Tuesday,Winter,0,0,45
2023-01-11,3679.14,1992.69,716,21,2023,1,Wednesday,Winter,0,0,38
2023-01-12,3555.68,1936.58,692,21,2023,1,Thursday,Winter,0,0,38
2023-01-13,3523.27,1944.47,713,21,2023,1,Friday,Winter,0,0,43
2023-01-14,4387.05,2439.2,915,21,2023,1,Saturday,Winter,1,0,28
2023-01-15,4306.8,2352.5,980,21,2023,1,Sunday,Winter,1,0,29
2023-01-16,3255.1,1796.75,760,21,2023,1,Monday,Winter,0,0,38
2023-01-17,3539.95,1949.25,765,21,2023,1,Tuesday,Winter,0,0,34
2023-01-18,3439.72,1894.92,758,21,2023,1,Wednesday,Winter,0,0,44
2023-01-19,3671.6,2025.3000000000002,830,21,2023,1,Thursday,Winter,0,0,35
2023-01-20,3847.9,2086.4,720,21,2023,1,Friday,Winter,0,0,32
2023-01-21,4857.09,2684.49,1011,21,2023,1,Saturday,Winter,1,0,52
2023-01-22,4353.87,2418.72,863,21,2023,1,Sunday,Winter,1,0,40
2023-01-23,3775.05,2087.45,855,21,2023,1,Monday,Winter,0,0,42
2023-01-24,3275.78,1810.73,702,21,2023,1,Tuesday,Winter,0,0,32
2023-01-25,3878.12,2145.32,818,21,2023,1,Wednesday,Winter,0,0,38
2023-01-26,3618.7200000000003,1984.17,748,21,2023,1,Thursday,Winter,0,0,42
2023-01-27,3876.73,2116.63,707,21,2023,1,Friday,Winter,0,0,33
2023-01-28,4329.71,2355.46,779,21,2023,1,Saturday,Winter,1,0,44
2023-01-29,4417.08,2374.33,692,21,2023,1,Sunday,Winter,1,0,37
2023-01-30,3443.15,1920.9,755,21,2023,1,Monday,Winter,0,0,39
2023-01-31,3446.92,1906.27,788,21,2023,1,Tuesday,Winter,0,0,37
2023-02-01,3837.79,2121.24,891,21,2023,2,Wednesday,Winter,0,0,54
2023-02-02,3798.09,2120.54,901,21,2023,2,Thursday,Winter,0,0,41
2023-02-03,3545.2400000000002,1917.0900000000001,626,21,2023,2,Friday,Winter,0,0,34
2023-02-04,3957.55,2177.8,795,21,2023,2,Saturday,Winter,1,0,47
2023-02-05,3982.11,2211.81,909,21,2023,2,Sunday,Winter,1,0,33
2023-02-06,3497.59,1897.04,631,21,2023,2,Monday,Winter,0,0,43
2023-02-07,3599.0,1922.8,640,21,2023,2,Tuesday,Winter,0,0,28
2023-02-08,3799.07,2036.82,593,21,2023,2,Wednesday,Winter,0,0,32
2023-02-09,3716.17,2056.47,803,21,2023,2,Thursday,Winter,0,0,43
2023-02-10,3733.01,2032.96,699,21,2023,2,Friday,Winter,0,0,47
2023-02-11,4374.03,2417.78,947,21,2023,2,Saturday,Winter,1,0,43
2023-02-12,4755.79,2577.59,811,21,2023,2,Sunday,Winter,1,0,41
2023-02-13,3778.23,2066.38,747,21,2023,2,Monday,Winter,0,0,39
2023-02-14,3673.51,2037.26,819,21,2023,2,Tuesday,Winter,0,0,31
2023-02-15,3725.4900000000002,2055.09,801,21,2023,2,Wednesday,Winter,0,0,36
2023-02-16,3575.0099999999998,1952.91,789,21,2023,2,Thursday,Winter,0,0,38
2023-02-17,3546.55,1939.1499999999999,635,21,2023,2,Friday,Winter,0,0,49
2023-02-18,3963.8,2197.45,850,21,2023,2,Saturday,Winter,1,0,44
2023-02-19,4522.48,2491.83,1052,21,2023,2,Sunday,Winter,1,0,29
2023-02-20,3750.5,2066.0,810,21,2023,2,Monday,Winter,0,0,44
2023-02-21,3566.11,1947.16,719,21,2023,2,Tuesday,Winter,0,0,39
2023-02-22,3423.13,1878.78,677,21,2023,2,Wednesday,Winter,0,0,37
2023-02-23,3861.99,2118.79,821,21,2023,2,Thursday,Winter,0,0,46
2023-02-24,3949.35,2156.65,825,21,2023,2,Friday,Winter,0,0,49
2023-02-25,4140.95,2311.5,1015,21,2023,2,Saturday,Winter,1,0,48
2023-02-26,4339.14,2351.64,906,21,2023,2,Sunday,Winter,1,0,36
2023-02-27,3532.4,1966.55,810,21,2023,2,Monday,Winter,0,0,39
2023-02-28,3851.26,2103.2599999999998,754,21,2023,2,Tuesday,Winter,0,0,44
2023-03-01,4177.54,2307.99,866,21,2023,3,Wednesday,Spring,0,0,64
2023-03-02,4166.94,2334.84,906,21,2023,3,Thursday,Spring,0,0,54
2023-03-03,4268.37,2329.37,883,21,2023,3,Friday,Spring,0,0,56
2023-03-04,4596.42,2534.72,898,21,2023,3,Saturday,Spring,1,0,50
2023-03-05,4544.1,2526.4500000000003,1050,21,2023,3,Sunday,Spring,1,0,49
2023-03-06,3838.34,2127.44,796,21,2023,3,Monday,Spring,0,0,63
2023-03-07,4620.11,2561.46,999,21,2023,3,Tuesday,Spring,0,0,67
2023-03-08,4432.09,2458.59,1001,21,2023,3,Wednesday,Spring,0,0,57
2023-03-09,4374.88,2419.18,952,21,2023,3,Thursday,Spring,0,0,65
2023-03-10,4098.31,2269.86,829,21,2023,3,Friday,Spring,0,0,60
2023-03-11,5856.91,3180.56,1009,21,2023,3,Saturday,Spring,1,0,53
2023-03-12,5560.45,3023.65,1155,21,2023,3,Sunday,Spring,1,0,60
2023-03-13,4567.85,2515.25,925,21,2023,3,Monday,Spring,0,0,68
2023-03-14,4299.28,2347.53,912,21,2023,3,Tuesday,Spring,0,0,57
2023-03-15,4601.89,2518.84,881,21,2023,3,Wednesday,Spring,0,0,68
2023-03-16,4596.92,2542.62,958,21,2023,3,Thursday,Spring,0,0,39
2023-03-17,4776.89,2597.64,911,21,2023,3,Friday,Spring,0,0,63
2023-03-18,4435.51,2445.36,999,21,2023,3,Saturday,Spring,1,0,58
2023-03-19,4918.04,2724.89,1036,21,2023,3,Sunday,Spring,1,0,55
2023-03-20,4157.89,2282.59,901,21,2023,3,Monday,Spring,0,0,58
2023-03-21,4818.61,2676.21,1069,21,2023,3,Tuesday,Spring,0,0,44
2023-03-22,4087.36,2245.71,874,21,2023,3,Wednesday,Spring,0,0,56
2023-03-23,4434.71,2413.61,859,21,2023,3,Thursday,Spring,0,0,60
2023-03-24,4328.7300000000005,2388.0299999999997,907,21,2023,3,Friday,Spring,0,0,68
2023-03-25,4792.99,2655.04,1071,21,2023,3,Saturday,Spring,1,0,54
2023-03-26,5007.95,2741.25,1055,21,2023,3,Sunday,Spring,1,0,52
2023-03-27,4607.91,2536.66,949,21,2023,3,Monday,Spring,0,0,54
2023-03-28,3992.91,2194.31,789,21,2023,3,Tuesday,Spring,0,0,64
2023-03-29,4797.07,2652.12,1073,21,2023,3,Wednesday,Spring,0,0,60
2023-03-30,4721.18,2618.68,1012,21,2023,3,Thursday,Spring,0,0,54
2023-03-31,4760.59,2621.14,1051,21,2023,3,Friday,Spring,0,0,61
2023-04-01,4630.6900000000005,2507.79,801,21,2023,4,Saturday,Spring,1,0,58
2023-04-02,5558.89,3091.59,1271,21,2023,4,Sunday,Spring,1,0,64
2023-04-03,4161.7,2291.4,750,21,2023,4,Monday,Spring,0,0,53
2023-04-04,4360.07,2405.92,993,21,2023,4,Tuesday,Spring,0,0,55
2023-04-05,4757.94,2598.29,986,21,2023,4,Wednesday,Spring,0,0,55
2023-04-06,3872.85,2129.6,765,21,2023,4,Thursday,Spring,0,0,47
2023-04-07,4156.81,2290.46,879,21,2023,4,Friday,Spring,0,0,60
2023-04-08,5904.36,3254.01,1114,21,2023,4,Saturday,Spring,1,0,59
2023-04-09,4621.13,2520.13,927,21,2023,4,Sunday,Spring,1,0,58
2023-04-10,4610.99,2531.09,881,21,2023,4,Monday,Spring,0,0,56
2023-04-11,4268.52,2349.52,838,21,2023,4,Tuesday,Spring,0,0,48
2023-04-12,4503.5,2479.5,930,21,2023,4,Wednesday,Spring,0,0,55
2023-04-13,4109.93,2237.18,797,21,2023,4,Thursday,Spring,0,0,55
2023-04-14,4208.34,2302.14,716,21,2023,4,Friday,Spring,0,0,52
2023-04-15,5514.03,3034.13,1117,21,2023,4,Saturday,Spring,1,0,56
2023-04-16,5593.62,3055.67,1138,21,2023,4,Sunday,Spring,1,0,60
2023-04-17,4509.68,2497.88,1052,21,2023,4,Monday,Spring,0,0,71
2023-04-18,4434.85,2434.9,935,21,2023,4,Tuesday,Spring,0,0,59
2023-04-19,4171.6,2275.55,820,21,2023,4,Wednesday,Spring,0,0,59
2023-04-20,4620.52,2552.4700000000003,1088,21,2023,4,Thursday,Spring,0,0,57
2023-04-21,4386.67,2442.27,943,21,2023,4,Friday,Spring,0,0,44
2023-04-22,5723.41,3166.31,1249,21,2023,4,Saturday,Spring,1,0,57
2023-04-23,5187.04,2838.9900000000002,926,21,2023,4,Sunday,Spring,1,0,58
2023-04-24,4886.47,2674.62,1033,21,2023,4,Monday,Spring,0,0,75
2023-04-25,4857.29,2696.49,1021,21,2023,4,Tuesday,Spring,0,0,56
2023-04-26,4844.37,2649.62,853,21,2023,4,Wednesday,Spring,0,0,60
2023-04-27,4772.73,2656.23,1147,21,2023,4,Thursday,Spring,0,0,57
2023-04-28,4402.59,2394.44,831,21,2023,4,Friday,Spring,0,0,49
2023-04-29,5745.07,3144.77,1283,21,2023,4,Saturday,Spring,1,0,65
2023-04-30,5475.91,2988.96,1099,21,2023,4,Sunday,Spring,1,0,63
2023-05-01,4758.35,2587.1,905,21,2023,5,Monday,Spring,0,0,63
2023-05-02,4897.24,2663.14,906,21,2023,5,Tuesday,Spring,0,0,51
2023-05-03,4690.89,2562.89,971,21,2023,5,Wednesday,Spring,0,0,67
2023-05-04,4306.8,2382.25,940,21,2023,5,Thursday,Spring,0,0,48
2023-05-05,4640.26,2542.76,954,21,2023,5,Friday,Spring,0,0,62
2023-05-06,4931.34,2739.9900000000002,1076,21,2023,5,Saturday,Spring,1,0,73
2023-05-07,5176.6,2814.65,960,21,2023,5,Sunday,Spring,1,0,51
2023-05-08,4196.46,2296.31,724,21,2023,5,Monday,Spring,0,0,54
2023-05-09,4196.07,2259.67,773,21,2023,5,Tuesday,Spring,0,0,58
2023-05-10,4614.43,2551.23,1027,21,2023,5,Wednesday,Spring,0,0,54
2023-05-11,4170.36,2294.61,864,21,2023,5,Thursday,Spring,0,0,47
2023-05-12,4339.0199999999995,2409.47,1008,21,2023,5,Friday,Spring,0,0,58
2023-05-13,5263.82,2876.2200000000003,1058,21,2023,5,Saturday,Spring,1,0,50
2023-05-14,5321.58,2971.2799999999997,1212,21,2023,5,Sunday,Spring,1,0,61
2023-05-15,3931.38,2144.48,682,21,2023,5,Monday,Spring,0,0,51
2023-05-16,4014.5699999999997,2186.7200000000003,783,21,2023,5,Tuesday,Spring,0,0,68
2023-05-17,4197.85,2276.95,805,21,2023,5,Wednesday,Spring,0,0,52
2023-05-18,4677.39,2580.64,1111,21,2023,5,Thursday,Spring,0,0,55
2023-05-19,4265.04,2346.34,1016,21,2023,5,Friday,Spring,0,0,63
2023-05-20,4810.0599999999995,2677.96,1124,21,2023,5,Saturday,Spring,1,0,49
2023-05-21,5076.6900000000005,2763.74,931,21,2023,5,Sunday,Spring,1,0,59
2023-05-22,4105.37,2256.37,813,21,2023,5,Monday,Spring,0,0,67
2023-05-23,4409.18,2395.88,762,21,2023,5,Tuesday,Spring,0,0,46
2023-05-24,4202.99,2314.94,941,21,2023,5,Wednesday,Spring,0,0,59
2023-05-25,4021.63,2206.58,827,21,2023,5,Thursday,Spring,0,0,59
2023-05-26,3961.71,2171.31,699,21,2023,5,Friday,Spring,0,0,63
2023-05-27,5026.17,2744.42,903,21,2023,5,Saturday,Spring,1,0,49
2023-05-28,5468.54,2997.94,1056,21,2023,5,Sunday,Spring,1,0,48
2023-05-29,5596.04,3051.54,1046,21,2023,5,Monday,Spring,0,1,61
2023-05-30,4165.38,2275.93,762,21,2023,5,Tuesday,Spring,0,0,60
2023-05-31,4153.5,2275.25,820,21,2023,5,Wednesday,Spring,0,0,59
2023-06-01,5354.72,2918.82,1128,21,2023,6,Thursday,Summer,0,0,80
2023-06-02,5591.8099999999995,3034.81,1069,21,2023,6,Friday,Summer,0,0,73
2023-06-03,6265.23,3416.73,1427,21,2023,6,Saturday,Summer,1,0,79
2023-06-04,6556.22,3571.17,1388,21,2023,6,Sunday,Summer,1,0,80
2023-06-05,5340.59,2922.54,1221,21,2023,6,Monday,Summer,0,0,72
2023-06-06,6040.3,3312.7000000000003,1290,21,2023,6,Tuesday,Summer,0,0,91
2023-06-07,5221.03,2841.13,1117,21,2023,6,Wednesday,Summer,0,0,81
2023-06-08,5024.13,2711.08,1017,21,2023,6,Thursday,Summer,0,0,69
2023-06-09,5671.46,3066.56,1224,21,2023,6,Friday,Summer,0,0,82
2023-06-10,7357.03,4018.53,1507,21,2023,6,Saturday,Summer,1,0,71
2023-06-11,6271.95,3409.8,1195,21,2023,6,Sunday,Summer,1,0,83
2023-06-12,6614.22,3616.17,1248,21,2023,6,Monday,Summer,0,0,86
2023-06-13,5886.7300000000005,3231.93,1277,21,2023,6,Tuesday,Summer,0,0,72
2023-06-14,5103.92,2811.17,1068,21,2023,6,Wednesday,Summer,0,0,84
2023-06-15,5424.15,2945.6,1105,21,2023,6,Thursday,Summer,0,0,80
2023-06-16,5781.64,3164.69,1376,21,2023,6,Friday,Summer,0,0,83
2023-06-17,6508.36,3576.41,1434,21,2023,6,Saturday,Summer,1,0,91
2023-06-18,6552.41,3613.86,1479,21,2023,6,Sunday,Summer,1,0,76
2023-06-19,5323.25,2911.2,1215,21,2023,6,Monday,Summer,0,0,72
2023-06-20,5476.15,2958.3,1045,21,2023,6,Tuesday,Summer,0,0,71
2023-06-21,5648.75,3059.4,1195,21,2023,6,Wednesday,Summer,0,0,72
2023-06-22,5471.77,2938.27,1123,21,2023,6,Thursday,Summer,0,0,77
2023-06-23,5539.66,3017.36,1124,21,2023,6,Friday,Summer,0,0,80
2023-06-24,6189.58,3384.18,1282,21,2023,6,Saturday,Summer,1,0,79
2023-06-25,7493.97,4158.67,1783,21,2023,6,Sunday,Summer,1,0,83
2023-06-26,6102.43,3317.53,1307,21,2023,6,Monday,Summer,0,0,78
2023-06-27,5290.65,2864.1,905,21,2023,6,Tuesday,Summer,0,0,88
2023-06-28,5540.07,2990.82,1093,21,2023,6,Wednesday,Summer,0,0,76
2023-06-29,5536.12,2994.07,1078,21,2023,6,Thursday,Summer,0,0,97
2023-06-30,5274.09,2868.04,1101,21,2023,6,Friday,Summer,0,0,82
2023-07-01,7673.26,4194.71,1644,21,2023,7,Saturday,Summer,1,0,71
2023-07-02,7107.21,3843.06,1319,21,2023,7,Sunday,Summer,1,0,70
2023-07-03,5194.27,2833.62,1173,21,2023,7,Monday,Summer,0,0,81
2023-07-04,7395.05,4021.95,1495,21,2023,7,Tuesday,Summer,0,1,76
2023-07-05,5510.12,3031.97,1288,21,2023,7,Wednesday,Summer,0,0,82
2023-07-06,5298.52,2961.12,1218,21,2023,7,Thursday,Summer,0,0,81
2023-07-07,4942.22,2675.97,928,21,2023,7,Friday,Summer,0,0,77
2023-07-08,5567.26,3108.16,1334,21,2023,7,Saturday,Summer,1,0,72
2023-07-09,6608.01,3622.86,1409,21,2023,7,Sunday,Summer,1,0,67
2023-07-10,4834.0,2665.75,1080,21,2023,7,Monday,Summer,0,0,74
2023-07-11,5636.98,3032.38,1122,21,2023,7,Tuesday,Summer,0,0,83
2023-07-12,5676.51,3096.46,1209,21,2023,7,Wednesday,Summer,0,0,79
2023-07-13,5248.45,2805.15,1005,21,2023,7,Thursday,Summer,0,0,69
2023-07-14,4833.82,2654.17,1038,21,2023,7,Friday,Summer,0,0,79
2023-07-15,6887.16,3653.7599999999998,1334,21,2023,7,Saturday,Summer,1,0,80
2023-07-16,6656.24,3570.79,1316,21,2023,7,Sunday,Summer,1,0,71
2023-07-17,6139.4,3345.1,1270,21,2023,7,Monday,Summer,0,0,79
2023-07-18,5930.5,3228.95,1160,21,2023,7,Tuesday,Summer,0,0,78
2023-07-19,6216.55,3402.3,1335,21,2023,7,Wednesday,Summer,0,0,69
2023-07-20,6004.3099999999995,3280.71,1329,21,2023,7,Thursday,Summer,0,0,80
2023-07-21,5899.3099999999995,3235.06,1229,21,2023,7,Friday,Summer,0,0,81
2023-07-22,7154.8,3929.85,1530,21,2023,7,Saturday,Summer,1,0,85
2023-07-23,6103.17,3376.67,1253,21,2023,7,Sunday,Summer,1,0,85
2023-07-24,5834.83,3221.4300000000003,1277,21,2023,7,Monday,Summer,0,0,68
2023-07-25,5713.64,3119.14,1186,21,2023,7,Tuesday,Summer,0,0,71
2023-07-26,5740.69,3123.49,1121,21,2023,7,Wednesday,Summer,0,0,81
2023-07-27,5089.53,2844.0299999999997,1177,21,2023,7,Thursday,Summer,0,0,81
2023-07-28,4924.33,2662.83,1047,21,2023,7,Friday,Summer,0,0,81
2023-07-29,6485.599999999999,3565.7999999999997,1450,21,2023,7,Saturday,Summer,1,0,100
2023-07-30,6535.23,3552.88,1347,21,2023,7,Sunday,Summer,1,0,81
2023-07-31,6072.27,3281.77,1193,21,2023,7,Monday,Summer,0,0,85
2023-08-01,5757.86,3176.36,1304,21,2023,8,Tuesday,Summer,0,0,84
2023-08-02,5200.31,2855.16,1179,21,2023,8,Wednesday,Summer,0,0,82
2023-08-03,5811.53,3184.58,1277,21,2023,8,Thursday,Summer,0,0,75
2023-08-04,5202.52,2801.27,1138,21,2023,8,Friday,Summer,0,0,83
2023-08-05,7349.75,4014.5,1405,21,2023,8,Saturday,Summer,1,0,72
2023-08-06,6393.47,3508.22,1363,21,2023,8,Sunday,Summer,1,0,76
2023-08-07,4950.47,2656.17,953,21,2023,8,Monday,Summer,0,0,74
2023-08-08,5481.04,3015.59,1236,21,2023,8,Tuesday,Summer,0,0,78
2023-08-09,5783.38,3172.73,1292,21,2023,8,Wednesday,Summer,0,0,94
2023-08-10,5833.53,3232.58,1327,21,2023,8,Thursday,Summer,0,0,64
2023-08-11,5081.38,2778.68,932,21,2023,8,Friday,Summer,0,0,82
2023-08-12,6295.08,3483.23,1422,21,2023,8,Saturday,Summer,1,0,66
2023-08-13,6923.36,3733.86,1324,21,2023,8,Sunday,Summer,1,0,74
2023-08-14,5650.99,3089.14,1151,21,2023,8,Monday,Summer,0,0,85
2023-08-15,5043.55,2706.9,955,21,2023,8,Tuesday,Summer,0,0,78
2023-08-16,5228.09,2879.34,1111,21,2023,8,Wednesday,Summer,0,0,70
2023-08-17,4862.01,2655.96,1019,21,2023,8,Thursday,Summer,0,0,72
2023-08-18,5970.35,3255.9,1415,21,2023,8,Friday,Summer,0,0,82
2023-08-19,7988.8,4373.65,1840,21,2023,8,Saturday,Summer,1,0,72
2023-08-20,6181.88,3301.53,1062,21,2023,8,Sunday,Summer,1,0,79
2023-08-21,5022.99,2711.54,1131,21,2023,8,Monday,Summer,0,0,78
2023-08-22,5795.11,3221.31,1359,21,2023,8,Tuesday,Summer,0,0,73
2023-08-23,6551.88,3595.58,1332,21,2023,8,Wednesday,Summer,0,0,93
2023-08-24,5061.46,2724.11,864,21,2023,8,Thursday,Summer,0,0,82
2023-08-25,5636.3,3075.7,1200,21,2023,8,Friday,Summer,0,0,63
2023-08-26,5614.4800000000005,3069.88,1182,21,2023,8,Saturday,Summer,1,0,79
2023-08-27,6227.3,3382.75,1240,21,2023,8,Sunday,Summer,1,0,73
2023-08-28,5835.14,3196.89,1166,21,2023,8,Monday,Summer,0,0,83
2023-08-29,5591.360000000001,3052.71,1224,21,2023,8,Tuesday,Summer,0,0,72
2023-08-30,5331.34,2924.19,1176,21,2023,8,Wednesday,Summer,0,0,77
2023-08-31,5984.55,3285.35,1435,21,2023,8,Thursday,Summer,0,0,81
2023-09-01,4929.16,2661.2599999999998,884,21,2023,9,Friday,Fall,0,0,61
2023-09-02,5389.01,2974.31,1009,21,2023,9,Saturday,Fall,1,0,46
2023-09-03,5215.79,2826.19,1031,21,2023,9,Sunday,Fall,1,0,52
2023-09-04,6174.41,3416.31,1259,21,2023,9,Monday,Fall,0,1,51
2023-09-05,4801.88,2623.48,852,21,2023,9,Tuesday,Fall,0,0,50
2023-09-06,4389.99,2396.2400000000002,861,21,2023,9,Wednesday,Fall,0,0,67
2023-09-07,4894.21,2678.41,929,21,2023,9,Thursday,Fall,0,0,57
2023-09-08,4825.54,2659.64,956,21,2023,9,Friday,Fall,0,0,46
2023-09-09,5581.71,3050.81,1079,21,2023,9,Saturday,Fall,1,0,61
2023-09-10,4860.14,2689.19,1036,21,2023,9,Sunday,Fall,1,0,69
2023-09-11,4569.79,2555.09,1001,21,2023,9,Monday,Fall,0,0,62
2023-09-12,4134.04,2276.04,826,21,2023,9,Tuesday,Fall,0,0,44
2023-09-13,5082.58,2778.48,972,21,2023,9,Wednesday,Fall,0,0,51
2023-09-14,4690.7,2561.9,810,21,2023,9,Thursday,Fall,0,0,63
2023-09-15,4405.72,2389.4700000000003,838,21,2023,9,Friday,Fall,0,0,50
2023-09-16,5472.64,3004.19,1116,21,2023,9,Saturday,Fall,1,0,58
2023-09-17,5786.83,3169.0299999999997,1097,21,2023,9,Sunday,Fall,1,0,60
2023-09-18,4900.04,2696.34,986,21,2023,9,Monday,Fall,0,0,48
2023-09-19,4280.12,2347.57,968,21,2023,9,Tuesday,Fall,0,0,54
2023-09-20,4292.47,2318.32,823,21,2023,9,Wednesday,Fall,0,0,32
2023-09-21,4989.11,2733.66,929,21,2023,9,Thursday,Fall,0,0,47
2023-09-22,4624.4,2551.5,1080,21,2023,9,Friday,Fall,0,0,53
2023-09-23,5723.95,3151.35,1205,21,2023,9,Saturday,Fall,1,0,46
2023-09-24,5769.13,3177.08,1097,21,2023,9,Sunday,Fall,1,0,66
2023-09-25,4817.63,2652.18,917,21,2023,9,Monday,Fall,0,0,44
2023-09-26,4661.85,2557.45,915,21,2023,9,Tuesday,Fall,0,0,51
2023-09-27,5303.24,2962.9900000000002,1126,21,2023,9,Wednesday,Fall,0,0,55
2023-09-28,4636.08,2521.73,892,21,2023,9,Thursday,Fall,0,0,65
2023-09-29,4954.9,2690.75,960,21,2023,9,Friday,Fall,0,0,44
2023-09-30,6197.04,3443.84,1316,21,2023,9,Saturday,Fall,1,0,63
2023-10-01,5118.71,2813.01,1079,21,2023,10,Sunday,Fall,1,0,55
2023-10-02,4254.8,2326.15,880,21,2023,10,Monday,Fall,0,0,48
2023-10-03,4836.07,2688.27,1123,21,2023,10,Tuesday,Fall,0,0,58
2023-10-04,5267.84,2884.4900000000002,1066,21,2023,10,Wednesday,Fall,0,0,56
2023-10-05,4581.32,2570.07,1088,21,2023,10,Thursday,Fall,0,0,50
2023-10-06,5058.21,2793.36,1069,21,2023,10,Friday,Fall,0,0,55
2023-10-07,4920.36,2710.71,954,21,2023,10,Saturday,Fall,1,0,52
2023-10-08,5070.12,2833.32,1118,21,2023,10,Sunday,Fall,1,0,55
2023-10-09,4381.0,2414.55,980,21,2023,10,Monday,Fall,0,0,59
2023-10-10,4908.92,2695.82,1038,21,2023,10,Tuesday,Fall,0,0,66
2023-10-11,4658.44,2556.19,1006,21,2023,10,Wednesday,Fall,0,0,46
2023-10-12,4609.24,2559.09,1116,21,2023,10,Thursday,Fall,0,0,69
2023-10-13,4398.95,2418.75,975,21,2023,10,Friday,Fall,0,0,41
2023-10-14,4714.58,2607.73,942,21,2023,10,Saturday,Fall,1,0,53
2023-10-15,6071.93,3366.48,1407,21,2023,10,Sunday,Fall,1,0,59
2023-10-16,4746.32,2613.02,958,21,2023,10,Monday,Fall,0,0,56
2023-10-17,4646.32,2548.07,908,21,2023,10,Tuesday,Fall,0,0,50
2023-10-18,4815.78,2622.2799999999997,882,21,2023,10,Wednesday,Fall,0,0,53
2023-10-19,4781.88,2592.33,952,21,2023,10,Thursday,Fall,0,0,51
2023-10-20,4043.2200000000003,2224.52,768,21,2023,10,Friday,Fall,0,0,50
2023-10-21,5355.28,2940.33,962,21,2023,10,Saturday,Fall,1,0,60
2023-10-22,5421.14,3012.99,1226,21,2023,10,Sunday,Fall,1,0,57
2023-10-23,4724.3,2631.7,1040,21,2023,10,Monday,Fall,0,0,50
2023-10-24,4426.21,2421.26,739,21,2023,10,Tuesday,Fall,0,0,61
2023-10-25,4095.97,2259.97,813,21,2023,10,Wednesday,Fall,0,0,57
2023-10-26,4143.93,2309.88,917,21,2023,10,Thursday,Fall,0,0,60
2023-10-27,4555.32,2487.52,928,21,2023,10,Friday,Fall,0,0,59
2023-10-28,5839.72,3197.27,1038,21,2023,10,Saturday,Fall,1,0,49
2023-10-29,5552.99,3053.64,1151,21,2023,10,Sunday,Fall,1,0,51
2023-10-30,4581.52,2516.92,1018,21,2023,10,Monday,Fall,0,0,60
2023-10-31,4309.37,2384.37,943,21,2023,10,Tuesday,Fall,0,0,59
2023-11-01,5192.05,2893.85,1115,21,2023,11,Wednesday,Fall,0,0,54
2023-11-02,4915.41,2723.41,989,21,2023,11,Thursday,Fall,0,0,55
2023-11-03,4949.57,2727.47,1053,21,2023,11,Friday,Fall,0,0,63
2023-11-04,6383.23,3501.58,1247,21,2023,11,Saturday,Fall,1,0,50
2023-11-05,5526.38,2997.73,962,21,2023,11,Sunday,Fall,1,0,58
2023-11-06,4816.75,2626.3,985,21,2023,11,Monday,Fall,0,0,53
2023-11-07,4168.0,2321.3,960,21,2023,11,Tuesday,Fall,0,0,53
2023-11-08,4779.38,2633.68,1052,21,2023,11,Wednesday,Fall,0,0,62
2023-11-09,4361.41,2390.51,909,21,2023,11,Thursday,Fall,0,0,60
2023-11-10,4192.83,2303.83,917,21,2023,11,Friday,Fall,0,0,60
2023-11-11,6066.09,3338.64,1171,21,2023,11,Saturday,Fall,1,0,64
2023-11-12,5358.73,2924.93,1027,21,2023,11,Sunday,Fall,1,0,55
2023-11-13,4365.04,2361.54,796,21,2023,11,Monday,Fall,0,0,59
2023-11-14,4869.44,2643.39,936,21,2023,11,Tuesday,Fall,0,0,52
2023-11-15,4063.1400000000003,2204.99,746,21,2023,11,Wednesday,Fall,0,0,57
2023-11-16,4182.11,2299.41,769,21,2023,11,Thursday,Fall,0,0,54
2023-11-17,4548.75,2490.15,955,21,2023,11,Friday,Fall,0,0,55
2023-11-18,5586.89,3116.64,1181,21,2023,11,Saturday,Fall,1,0,59
2023-11-19,5958.22,3260.07,1128,21,2023,11,Sunday,Fall,1,0,49
2023-11-20,4907.3099999999995,2666.86,869,21,2023,11,Monday,Fall,0,0,69
2023-11-21,5007.22,2685.57,918,21,2023,11,Tuesday,Fall,0,0,47
2023-11-22,4450.31,2477.36,959,21,2023,11,Wednesday,Fall,0,0,46
2023-11-23,6443.76,3538.21,1344,21,2023,11,Thursday,Fall,0,1,63
2023-11-24,5081.41,2828.76,1099,21,2023,11,Friday,Fall,0,0,60
2023-11-25,5112.54,2780.39,996,21,2023,11,Saturday,Fall,1,0,59
2023-11-26,5575.78,3104.03,1092,21,2023,11,Sunday,Fall,1,0,59
2023-11-27,5004.15,2772.4,1025,21,2023,11,Monday,Fall,0,0,54
2023-11-28,4658.01,2573.31,889,21,2023,11,Tuesday,Fall,0,0,48
2023-11-29,5020.47,2703.87,913,21,2023,11,Wednesday,Fall,0,0,55
2023-11-30,4537.07,2547.77,1063,21,2023,11,Thursday,Fall,0,0,50
2023-12-01,3890.14,2160.74,816,21,2023,12,Friday,Winter,0,0,48
2023-12-02,4845.63,2672.58,1047,21,2023,12,Saturday,Winter,1,0,40
2023-12-03,4314.38,2352.58,912,21,2023,12,Sunday,Winter,1,0,36
2023-12-04,3381.27,1844.47,623,21,2023,12,Monday,Winter,0,0,39
2023-12-05,3953.79,2172.39,771,21,2023,12,Tuesday,Winter,0,0,44
2023-12-06,3506.83,1905.83,667,21,2023,12,Wednesday,Winter,0,0,38
2023-12-07,3961.78,2176.98,762,21,2023,12,Thursday,Winter,0,0,36
2023-12-08,3526.48,1944.48,772,21,2023,12,Friday,Winter,0,0,43
2023-12-09,4510.99,2467.49,871,21,2023,12,Saturday,Winter,1,0,43
2023-12-10,4492.66,2453.06,934,21,2023,12,Sunday,Winter,1,0,38
2023-12-11,3911.88,2158.28,812,21,2023,12,Monday,Winter,0,0,38
2023-12-12,3573.09,1917.44,661,21,2023,12,Tuesday,Winter,0,0,43
2023-12-13,3477.4900000000002,1902.14,691,21,2023,12,Wednesday,Winter,0,0,31
2023-12-14,4132.59,2268.44,911,21,2023,12,Thursday,Winter,0,0,32
2023-12-15,3488.35,1886.75,665,21,2023,12,Friday,Winter,0,0,36
2023-12-16,4362.9800000000005,2443.7799999999997,1012,21,2023,12,Saturday,Winter,1,0,40
2023-12-17,4615.57,2532.32,1053,21,2023,12,Sunday,Winter,1,0,44
2023-12-18,3888.7200000000003,2089.62,728,21,2023,12,Monday,Winter,0,0,52
2023-12-19,3499.7,1923.55,830,21,2023,12,Tuesday,Winter,0,0,48
2023-12-20,3841.0299999999997,2090.13,647,21,2023,12,Wednesday,Winter,0,0,40
2023-12-21,3373.47,1849.07,723,21,2023,12,Thursday,Winter,0,0,41
2023-12-22,3915.2400000000002,2145.94,886,21,2023,12,Friday,Winter,0,0,34
2023-12-23,4250.79,2329.69,841,21,2023,12,Saturday,Winter,1,0,41
2023-12-24,4302.13,2362.08,937,21,2023,12,Sunday,Winter,1,0,39
2023-12-25,4456.75,2474.5,895,21,2023,12,Monday,Winter,0,1,44
2023-12-26,3609.0299999999997,1970.13,767,21,2023,12,Tuesday,Winter,0,0,36
2023-12-27,3431.93,1903.98,807,21,2023,12,Wednesday,Winter,0,0,45
2023-12-28,3843.37,2146.47,903,21,2023,12,Thursday,Winter,0,0,52
2023-12-29,3571.09,1934.74,691,21,2023,12,Friday,Winter,0,0,41
2023-12-30,4125.19,2243.9900000000002,821,21,2023,12,Saturday,Winter,1,0,44
2023-12-31,4405.76,2423.16,914,21,2023,12,Sunday,Winter,1,0,46
2024-01-01,4654.96,2516.36,784,21,2024,1,Monday,Winter,0,1,39
2024-01-02,3994.9100000000003,2189.01,839,21,2024,1,Tuesday,Winter,0,0,43
2024-01-03,3771.15,2077.85,815,21,2024,1,Wednesday,Winter,0,0,42
2024-01-04,3657.07,2011.17,753,21,2024,1,Thursday,Winter,0,0,42
2024-01-05,3709.18,2046.8799999999999,792,21,2024,1,Friday,Winter,0,0,36
2024-01-06,4632.99,2522.94,931,21,2024,1,Saturday,Winter,1,0,42
2024-01-07,4226.86,2314.21,934,21,2024,1,Sunday,Winter,1,0,45
2024-01-08,3345.27,1836.57,643,21,2024,1,Monday,Winter,0,0,52
2024-01-09,3671.85,2044.4,805,21,2024,1,Tuesday,Winter,0,0,48
2024-01-10,3837.28,2102.73,832,21,2024,1,Wednesday,Winter,0,0,57
2024-01-11,3753.4900000000002,2044.59,761,21,2024,1,Thursday,Winter,0,0,36
2024-01-12,3779.22,2047.72,688,21,2024,1,Friday,Winter,0,0,48
2024-01-13,4673.64,2571.2400000000002,946,21,2024,1,Saturday,Winter,1,0,43
2024-01-14,4562.5199999999995,2551.02,928,21,2024,1,Sunday,Winter,1,0,57
2024-01-15,3546.0,1956.75,730,21,2024,1,Monday,Winter,0,0,36
2024-01-16,3545.16,1921.56,654,21,2024,1,Tuesday,Winter,0,0,36
2024-01-17,3711.9,2055.75,810,21,2024,1,Wednesday,Winter,0,0,37
2024-01-18,3392.1,1847.4,630,21,2024,1,Thursday,Winter,0,0,27
2024-01-19,3463.7400000000002,1880.19,626,21,2024,1,Friday,Winter,0,0,38
2024-01-20,4712.33,2582.33,967,21,2024,1,Saturday,Winter,1,0,36
2024-01-21,4426.9400000000005,2418.14,966,21,2024,1,Sunday,Winter,1,0,43
2024-01-22,3581.92,1961.07,728,21,2024,1,Monday,Winter,0,0,44
2024-01-23,3553.5299999999997,1946.18,667,21,2024,1,Tuesday,Winter,0,0,55
2024-01-24,3636.58,1994.63,752,21,2024,1,Wednesday,Winter,0,0,48
2024-01-25,3371.34,1878.99,736,21,2024,1,Thursday,Winter,0,0,37
2024-01-26,3759.57,2039.52,673,21,2024,1,Friday,Winter,0,0,35
2024-01-27,4373.85,2421.85,945,21,2024,1,Saturday,Winter,1,0,45
2024-01-28,4164.45,2271.25,835,21,2024,1,Sunday,Winter,1,0,32
2024-01-29,3546.16,1941.71,614,21,2024,1,Monday,Winter,0,0,54
2024-01-30,3811.36,2053.06,614,21,2024,1,Tuesday,Winter,0,0,50
2024-01-31,3337.73,1837.83,667,21,2024,1,Wednesday,Winter,0,0,38
2024-02-01,3472.16,1900.31,674,21,2024,2,Thursday,Winter,0,0,30
2024-02-02,3658.68,2009.63,802,21,2024,2,Friday,Winter,0,0,51
2024-02-03,4488.55,2439.75,745,21,2024,2,Saturday,Winter,1,0,41
2024-02-04,4366.84,2423.39,926,21,2024,2,Sunday,Winter,1,0,50
2024-02-05,3291.99,1835.44,751,21,2024,2,Monday,Winter,0,0,30
2024-02-06,3957.04,2198.54,986,21,2024,2,Tuesday,Winter,0,0,37
2024-02-07,3612.51,1995.16,809,21,2024,2,Wednesday,Winter,0,0,42
2024-02-08,3626.42,1957.82,638,21,2024,2,Thursday,Winter,0,0,42
2024-02-09,3566.07,1970.52,763,21,2024,2,Friday,Winter,0,0,38
2024-02-10,4356.83,2404.73,977,21,2024,2,Saturday,Winter,1,0,46
2024-02-11,4840.49,2646.89,1061,21,2024,2,Sunday,Winter,1,0,34
2024-02-12,3521.23,1934.18,707,21,2024,2,Monday,Winter,0,0,41
2024-02-13,3483.8199999999997,1921.82,718,21,2024,2,Tuesday,Winter,0,0,42
2024-02-14,3605.7,1988.25,830,21,2024,2,Wednesday,Winter,0,0,45
2024-02-15,3642.5299999999997,2005.98,757,21,2024,2,Thursday,Winter,0,0,46
2024-02-16,3465.24,1874.04,636,21,2024,2,Friday,Winter,0,0,34
2024-02-17,4266.57,2316.02,733,21,2024,2,Saturday,Winter,1,0,31
2024-02-18,4619.14,2520.79,1006,21,2024,2,Sunday,Winter,1,0,50
2024-02-19,3691.82,1995.92,608,21,2024,2,Monday,Winter,0,0,44
2024-02-20,3677.46,2014.56,774,21,2024,2,Tuesday,Winter,0,0,36
2024-02-21,4093.93,2246.98,897,21,2024,2,Wednesday,Winter,0,0,52
2024-02-22,3734.66,2069.61,794,21,2024,2,Thursday,Winter,0,0,42
2024-02-23,3790.12,2077.87,798,21,2024,2,Friday,Winter,0,0,50
2024-02-24,4568.76,2510.66,924,21,2024,2,Saturday,Winter,1,0,42
2024-02-25,4415.71,2453.11,959,21,2024,2,Sunday,Winter,1,0,56
2024-02-26,3607.06,1978.41,784,21,2024,2,Monday,Winter,0,0,54
2024-02-27,3792.9900000000002,2109.99,781,21,2024,2,Tuesday,Winter,0,0,40
2024-02-28,4207.37,2299.57,873,21,2024,2,Wednesday,Winter,0,0,48
2024-02-29,3791.14,2059.04,686,21,2024,2,Thursday,Winter,0,0,46
2024-03-01,4573.07,2516.87,933,21,2024,3,Friday,Spring,0,0,67
2024-03-02,5763.81,3143.66,1189,21,2024,3,Saturday,Spring,1,0,51
2024-03-03,5905.93,3226.83,1217,21,2024,3,Sunday,Spring,1,0,62
2024-03-04,4617.26,2536.16,1014,21,2024,3,Monday,Spring,0,0,65
2024-03-05,4531.81,2483.66,949,21,2024,3,Tuesday,Spring,0,0,45
2024-03-06,4158.28,2301.33,962,21,2024,3,Wednesday,Spring,0,0,49
2024-03-07,4407.63,2443.08,1047,21,2024,3,Thursday,Spring,0,0,43
2024-03-08,4357.57,2419.77,1013,21,2024,3,Friday,Spring,0,0,56
2024-03-09,4957.56,2704.66,1134,21,2024,3,Saturday,Spring,1,0,63
2024-03-10,4801.66,2609.56,784,21,2024,3,Sunday,Spring,1,0,68
2024-03-11,4933.54,2718.99,1166,21,2024,3,Monday,Spring,0,0,58
2024-03-12,4822.6,2621.2,970,21,2024,3,Tuesday,Spring,0,0,69
2024-03-13,4397.54,2395.54,836,21,2024,3,Wednesday,Spring,0,0,48
2024-03-14,4364.66,2376.11,824,21,2024,3,Thursday,Spring,0,0,46
2024-03-15,4127.16,2265.46,864,21,2024,3,Friday,Spring,0,0,57
2024-03-16,5484.76,3020.11,1124,21,2024,3,Saturday,Spring,1,0,60
2024-03-17,5075.45,2777.2,1095,21,2024,3,Sunday,Spring,1,0,57
2024-03-18,5148.8,2782.1,920,21,2024,3,Monday,Spring,0,0,43
2024-03-19,3938.14,2187.29,886,21,2024,3,Tuesday,Spring,0,0,57
2024-03-20,3836.31,2099.66,719,21,2024,3,Wednesday,Spring,0,0,48
2024-03-21,4198.71,2321.7599999999998,839,21,2024,3,Thursday,Spring,0,0,62
2024-03-22,4413.49,2404.34,791,21,2024,3,Friday,Spring,0,0,60
2024-03-23,5640.76,3081.66,1134,21,2024,3,Saturday,Spring,1,0,51
2024-03-24,6086.07,3374.32,1343,21,2024,3,Sunday,Spring,1,0,54
2024-03-25,4859.7,2704.0,1200,21,2024,3,Monday,Spring,0,0,50
2024-03-26,4199.5,2333.4,870,21,2024,3,Tuesday,Spring,0,0,57
2024-03-27,4421.4,2411.1,800,21,2024,3,Wednesday,Spring,0,0,64
2024-03-28,4278.55,2335.05,815,21,2024,3,Thursday,Spring,0,0,51
2024-03-29,3855.0,2096.15,720,21,2024,3,Friday,Spring,0,0,61
2024-03-30,4992.35,2707.85,965,21,2024,3,Saturday,Spring,1,0,54
2024-03-31,4589.68,2523.2799999999997,912,21,2024,3,Sunday,Spring,1,0,52
2024-04-01,4229.14,2325.69,766,21,2024,4,Monday,Spring,0,0,57
2024-04-02,4459.72,2440.47,958,21,2024,4,Tuesday,Spring,0,0,50
2024-04-03,4145.49,2283.54,901,21,2024,4,Wednesday,Spring,0,0,54
2024-04-04,4796.64,2616.44,896,21,2024,4,Thursday,Spring,0,0,49
2024-04-05,4839.45,2672.1,995,21,2024,4,Friday,Spring,0,0,71
2024-04-06,5243.46,2901.11,1194,21,2024,4,Saturday,Spring,1,0,58
2024-04-07,5331.31,2941.7599999999998,1199,21,2024,4,Sunday,Spring,1,0,53
2024-04-08,4570.32,2534.12,1028,21,2024,4,Monday,Spring,0,0,59
2024-04-09,4626.08,2529.83,922,21,2024,4,Tuesday,Spring,0,0,57
2024-04-10,4781.25,2620.85,995,21,2024,4,Wednesday,Spring,0,0,56
2024-04-11,4402.92,2395.02,838,21,2024,4,Thursday,Spring,0,0,62
2024-04-12,5039.84,2756.19,986,21,2024,4,Friday,Spring,0,0,63
2024-04-13,4648.59,2538.69,831,21,2024,4,Saturday,Spring,1,0,54
2024-04-14,4724.29,2576.19,931,21,2024,4,Sunday,Spring,1,0,53
2024-04-15,4709.68,2632.28,1052,21,2024,4,Monday,Spring,0,0,56
2024-04-16,4146.83,2313.48,997,21,2024,4,Tuesday,Spring,0,0,41
2024-04-17,4200.75,2286.85,725,21,2024,4,Wednesday,Spring,0,0,47
2024-04-18,4637.59,2570.79,1071,21,2024,4,Thursday,Spring,0,0,67
2024-04-19,4382.45,2397.0,805,21,2024,4,Friday,Spring,0,0,69
2024-04-20,5133.83,2822.33,1027,21,2024,4,Saturday,Spring,1,0,56
2024-04-21,4853.97,2689.82,1073,21,2024,4,Sunday,Spring,1,0,62
2024-04-22,4615.8,2538.3,1020,21,2024,4,Monday,Spring,0,0,60
2024-04-23,4620.11,2517.86,819,21,2024,4,Tuesday,Spring,0,0,79
2024-04-24,4468.48,2459.43,932,21,2024,4,Wednesday,Spring,0,0,65
2024-04-25,4384.91,2395.06,849,21,2024,4,Thursday,Spring,0,0,57
2024-04-26,4665.77,2541.62,933,21,2024,4,Friday,Spring,0,0,51
2024-04-27,5472.11,2976.16,1099,21,2024,4,Saturday,Spring,1,0,46
2024-04-28,5078.33,2731.88,767,21,2024,4,Sunday,Spring,1,0,59
2024-04-29,4011.04,2226.9900000000002,916,21,2024,4,Monday,Spring,0,0,52
2024-04-30,3948.7799999999997,2155.83,742,21,2024,4,Tuesday,Spring,0,0,48
2024-05-01,3983.82,2182.77,808,21,2024,5,Wednesday,Spring,0,0,53
2024-05-02,4188.2,2295.65,810,21,2024,5,Thursday,Spring,0,0,50
2024-05-03,3977.75,2199.5,735,21,2024,5,Friday,Spring,0,0,69
2024-05-04,6045.1,3325.25,1270,21,2024,5,Saturday,Spring,1,0,64
2024-05-05,5449.46,2950.46,934,21,2024,5,Sunday,Spring,1,0,57
2024-05-06,4721.4,2636.05,1020,21,2024,5,Monday,Spring,0,0,68
2024-05-07,4634.68,2552.18,962,21,2024,5,Tuesday,Spring,0,0,58
2024-05-08,4297.76,2370.61,944,21,2024,5,Wednesday,Spring,0,0,51
2024-05-09,4710.78,2599.38,992,21,2024,5,Thursday,Spring,0,0,68
2024-05-10,3882.9,2158.75,910,21,2024,5,Friday,Spring,0,0,61
2024-05-11,5977.76,3260.41,1154,21,2024,5,Saturday,Spring,1,0,50
2024-05-12,4788.27,2628.42,953,21,2024,5,Sunday,Spring,1,0,56
2024-05-13,4436.13,2428.93,867,21,2024,5,Monday,Spring,0,0,51
2024-05-14,4335.29,2388.84,871,21,2024,5,Tuesday,Spring,0,0,48
2024-05-15,4739.71,2599.76,919,21,2024,5,Wednesday,Spring,0,0,64
2024-05-16,4452.349999999999,2428.8,865,21,2024,5,Thursday,Spring,0,0,71
2024-05-17,4599.78,2511.18,782,21,2024,5,Friday,Spring,0,0,48
2024-05-18,4996.57,2701.4700000000003,813,21,2024,5,Saturday,Spring,1,0,61
2024-05-19,5483.91,2992.41,1079,21,2024,5,Sunday,Spring,1,0,53
2024-05-20,4165.05,2313.85,945,21,2024,5,Monday,Spring,0,0,54
2024-05-21,4735.34,2566.29,866,21,2024,5,Tuesday,Spring,0,0,53
2024-05-22,4598.58,2552.08,962,21,2024,5,Wednesday,Spring,0,0,51
2024-05-23,4239.18,2355.5299999999997,962,21,2024,5,Thursday,Spring,0,0,58
2024-05-24,4531.54,2468.7400000000002,856,21,2024,5,Friday,Spring,0,0,52
2024-05-25,5521.45,3053.2,1105,21,2024,5,Saturday,Spring,1,0,59
2024-05-26,4720.22,2628.12,1058,21,2024,5,Sunday,Spring,1,0,57
2024-05-27,5295.15,2881.0,935,21,2024,5,Monday,Spring,0,1,56
2024-05-28,4947.79,2758.14,1091,21,2024,5,Tuesday,Spring,0,0,51
2024-05-29,4198.87,2319.47,843,21,2024,5,Wednesday,Spring,0,0,53
2024-05-30,4234.51,2336.06,969,21,2024,5,Thursday,Spring,0,0,63
2024-05-31,4636.3,2555.5,980,21,2024,5,Friday,Spring,0,0,61
2024-06-01,6159.99,3323.24,1321,21,2024,6,Saturday,Summer,1,0,71
2024-06-02,6430.4800000000005,3496.0299999999997,1302,21,2024,6,Sunday,Summer,1,0,78
2024-06-03,5801.99,3136.19,1251,21,2024,6,Monday,Summer,0,0,83
2024-06-04,6148.95,3332.4500000000003,1325,21,2024,6,Tuesday,Summer,0,0,66
2024-06-05,5332.400000000001,2852.85,1100,21,2024,6,Wednesday,Summer,0,0,81
2024-06-06,5556.78,3054.33,1262,21,2024,6,Thursday,Summer,0,0,73
2024-06-07,5276.73,2882.93,1207,21,2024,6,Friday,Summer,0,0,81
2024-06-08,6922.34,3818.79,1426,21,2024,6,Saturday,Summer,1,0,72
2024-06-09,7113.82,3836.92,1258,21,2024,6,Sunday,Summer,1,0,65
2024-06-10,5919.8099999999995,3179.06,1219,21,2024,6,Monday,Summer,0,0,66
2024-06-11,5809.49,3118.94,1171,21,2024,6,Tuesday,Summer,0,0,78
2024-06-12,5159.31,2841.11,1159,21,2024,6,Wednesday,Summer,0,0,79
2024-06-13,5202.3,2845.85,1100,21,2024,6,Thursday,Summer,0,0,71
2024-06-14,4879.66,2625.36,874,21,2024,6,Friday,Summer,0,0,82
2024-06-15,6956.84,3725.29,1396,21,2024,6,Saturday,Summer,1,0,66
2024-06-16,7269.349999999999,3984.7,1595,21,2024,6,Sunday,Summer,1,0,77
2024-06-17,5799.19,3189.14,1261,21,2024,6,Monday,Summer,0,0,69
2024-06-18,5155.14,2776.39,1026,21,2024,6,Tuesday,Summer,0,0,73
2024-06-19,5973.77,3209.52,1173,21,2024,6,Wednesday,Summer,0,0,78
2024-06-20,5427.79,2941.74,1251,21,2024,6,Thursday,Summer,0,0,71
2024-06-21,5249.62,2822.77,1048,21,2024,6,Friday,Summer,0,0,75
2024-06-22,6895.0599999999995,3731.96,1394,21,2024,6,Saturday,Summer,1,0,85
2024-06-23,5847.84,3176.84,1256,21,2024,6,Sunday,Summer,1,0,73
2024-06-24,5415.42,2991.47,1128,21,2024,6,Monday,Summer,0,0,83
2024-06-25,6023.93,3243.83,1247,21,2024,6,Tuesday,Summer,0,0,70
2024-06-26,6279.28,3434.03,1212,21,2024,6,Wednesday,Summer,0,0,81
2024-06-27,5895.62,3147.32,1098,21,2024,6,Thursday,Summer,0,0,88
2024-06-28,5457.0,2995.3,1120,21,2024,6,Friday,Summer,0,0,60
2024-06-29,7608.18,4175.63,1642,21,2024,6,Saturday,Summer,1,0,72
2024-06-30,7437.68,4065.23,1532,21,2024,6,Sunday,Summer,1,0,82
2024-07-01,6400.03,3502.93,1497,21,2024,7,Monday,Summer,0,0,76
2024-07-02,5039.74,2806.49,1236,21,2024,7,Tuesday,Summer,0,0,80
2024-07-03,5741.85,3174.45,1275,21,2024,7,Wednesday,Summer,0,0,73
2024-07-04,8378.1,4632.15,1660,21,2024,7,Thursday,Summer,0,1,78
2024-07-05,5444.82,2935.87,938,21,2024,7,Friday,Summer,0,0,76
2024-07-06,6323.16,3379.56,1194,21,2024,7,Saturday,Summer,1,0,86
2024-07-07,6911.01,3780.61,1469,21,2024,7,Sunday,Summer,1,0,79
2024-07-08,5211.58,2922.33,1302,21,2024,7,Monday,Summer,0,0,80
2024-07-09,5957.25,3224.9,1305,21,2024,7,Tuesday,Summer,0,0,75
2024-07-10,5741.2,3154.75,1190,21,2024,7,Wednesday,Summer,0,0,74
2024-07-11,5719.02,3106.32,1208,21,2024,7,Thursday,Summer,0,0,74
2024-07-12,6118.7300000000005,3306.33,1157,21,2024,7,Friday,Summer,0,0,80
2024-07-13,6395.36,3417.56,1074,21,2024,7,Saturday,Summer,1,0,75
2024-07-14,6742.23,3620.18,1107,21,2024,7,Sunday,Summer,1,0,80
2024-07-15,6243.15,3403.25,1445,21,2024,7,Monday,Summer,0,0,92
2024-07-16,5187.6,2833.85,1060,21,2024,7,Tuesday,Summer,0,0,84
2024-07-17,5650.83,3126.48,1277,21,2024,7,Wednesday,Summer,0,0,75
2024-07-18,6178.45,3355.6,1465,21,2024,7,Thursday,Summer,0,0,86
2024-07-19,4990.39,2687.44,951,21,2024,7,Friday,Summer,0,0,75
2024-07-20,6556.44,3640.94,1516,21,2024,7,Saturday,Summer,1,0,63
2024-07-21,6918.79,3773.39,1401,21,2024,7,Sunday,Summer,1,0,70
2024-07-22,5317.99,2901.84,1111,21,2024,7,Monday,Summer,0,0,64
2024-07-23,5305.15,2908.55,1145,21,2024,7,Tuesday,Summer,0,0,75
2024-07-24,5933.47,3267.87,1363,21,2024,7,Wednesday,Summer,0,0,78
2024-07-25,5718.96,3179.96,1294,21,2024,7,Thursday,Summer,0,0,89
2024-07-26,6203.8099999999995,3400.71,1349,21,2024,7,Friday,Summer,0,0,80
2024-07-27,6375.77,3511.77,1433,21,2024,7,Saturday,Summer,1,0,76
2024-07-28,7478.7,4020.7,1510,21,2024,7,Sunday,Summer,1,0,83
2024-07-29,5754.0599999999995,3115.66,1234,21,2024,7,Monday,Summer,0,0,62
2024-07-30,6186.31,3319.81,1239,21,2024,7,Tuesday,Summer,0,0,79
2024-07-31,5833.31,3186.21,1229,21,2024,7,Wednesday,Summer,0,0,83
2024-08-01,5383.95,2934.6,1275,21,2024,8,Thursday,Summer,0,0,67
2024-08-02,6086.1900000000005,3287.79,1231,21,2024,8,Friday,Summer,0,0,86
2024-08-03,6311.93,3460.23,1297,21,2024,8,Saturday,Summer,1,0,80
2024-08-04,7125.46,3863.71,1504,21,2024,8,Sunday,Summer,1,0,75
2024-08-05,5124.42,2815.72,1048,21,2024,8,Monday,Summer,0,0,82
2024-08-06,5215.08,2818.33,1082,21,2024,8,Tuesday,Summer,0,0,93
2024-08-07,5506.78,3048.98,1122,21,2024,8,Wednesday,Summer,0,0,79
2024-08-08,6324.49,3398.69,1181,21,2024,8,Thursday,Summer,0,0,79
2024-08-09,6008.93,3258.83,1207,21,2024,8,Friday,Summer,0,0,74
2024-08-10,5900.33,3262.33,1407,21,2024,8,Saturday,Summer,1,0,72
2024-08-11,6514.57,3521.7200000000003,1383,21,2024,8,Sunday,Summer,1,0,83
2024-08-12,5178.83,2818.68,1197,21,2024,8,Monday,Summer,0,0,72
2024-08-13,5856.34,3117.89,1086,21,2024,8,Tuesday,Summer,0,0,78
2024-08-14,5345.32,2936.07,1138,21,2024,8,Wednesday,Summer,0,0,74
2024-08-15,5591.42,3037.27,1228,21,2024,8,Thursday,Summer,0,0,81
2024-08-16,5367.07,2864.72,983,21,2024,8,Friday,Summer,0,0,80
2024-08-17,6402.93,3553.83,1527,21,2024,8,Saturday,Summer,1,0,85
2024-08-18,6492.79,3544.9900000000002,1351,21,2024,8,Sunday,Summer,1,0,74
2024-08-19,5499.2300000000005,3057.98,1147,21,2024,8,Monday,Summer,0,0,76
2024-08-20,5451.41,2983.31,1229,21,2024,8,Tuesday,Summer,0,0,71
2024-08-21,5585.58,3099.88,1252,21,2024,8,Wednesday,Summer,0,0,74
2024-08-22,5266.64,2849.54,1056,21,2024,8,Thursday,Summer,0,0,80
2024-08-23,5414.8099999999995,3000.71,1249,21,2024,8,Friday,Summer,0,0,83
2024-08-24,6187.79,3393.49,1161,21,2024,8,Saturday,Summer,1,0,71
2024-08-25,6342.54,3414.79,1136,21,2024,8,Sunday,Summer,1,0,84
2024-08-26,5761.64,3164.64,1216,21,2024,8,Monday,Summer,0,0,87
2024-08-27,5303.7,2825.45,1090,21,2024,8,Tuesday,Summer,0,0,80
2024-08-28,5885.28,3180.53,1222,21,2024,8,Wednesday,Summer,0,0,91
2024-08-29,5108.23,2750.7799999999997,877,21,2024,8,Thursday,Summer,0,0,72
2024-08-30,5248.35,2791.6,1105,21,2024,8,Friday,Summer,0,0,69
2024-08-31,6821.43,3727.73,1467,21,2024,8,Saturday,Summer,1,0,65
2024-09-01,5231.16,2821.16,844,21,2024,9,Sunday,Fall,1,0,65
2024-09-02,6598.24,3659.14,1426,21,2024,9,Monday,Fall,0,1,59
2024-09-03,4364.77,2411.57,953,21,2024,9,Tuesday,Fall,0,0,54
2024-09-04,4757.11,2658.66,1039,21,2024,9,Wednesday,Fall,0,0,56
2024-09-05,5094.82,2822.07,1098,21,2024,9,Thursday,Fall,0,0,47
2024-09-06,4814.49,2666.84,1021,21,2024,9,Friday,Fall,0,0,72
2024-09-07,6286.86,3465.36,1244,21,2024,9,Saturday,Fall,1,0,55
2024-09-08,6298.16,3505.96,1264,21,2024,9,Sunday,Fall,1,0,55
2024-09-09,4617.47,2563.22,1023,21,2024,9,Monday,Fall,0,0,60
2024-09-10,4703.16,2548.26,774,21,2024,9,Tuesday,Fall,0,0,58
2024-09-11,4720.95,2592.35,995,21,2024,9,Wednesday,Fall,0,0,56
2024-09-12,4664.16,2570.21,1004,21,2024,9,Thursday,Fall,0,0,49
2024-09-13,4463.86,2460.91,1004,21,2024,9,Friday,Fall,0,0,58
2024-09-14,5801.05,3177.0,1035,21,2024,9,Saturday,Fall,1,0,68
2024-09-15,5858.39,3220.34,1181,21,2024,9,Sunday,Fall,1,0,64
2024-09-16,4296.15,2326.4,885,21,2024,9,Monday,Fall,0,0,66
2024-09-17,4745.53,2619.38,957,21,2024,9,Tuesday,Fall,0,0,51
2024-09-18,4757.99,2605.89,991,21,2024,9,Wednesday,Fall,0,0,48
2024-09-19,4851.61,2666.66,1009,21,2024,9,Thursday,Fall,0,0,54
2024-09-20,4256.15,2317.3,755,21,2024,9,Friday,Fall,0,0,55
2024-09-21,5235.94,2852.44,1136,21,2024,9,Saturday,Fall,1,0,62
2024-09-22,5285.4,2901.1,1200,21,2024,9,Sunday,Fall,1,0,43
2024-09-23,4431.04,2404.39,856,21,2024,9,Monday,Fall,0,0,65
2024-09-24,4983.26,2728.86,1014,21,2024,9,Tuesday,Fall,0,0,53
2024-09-25,4722.35,2619.8,1035,21,2024,9,Wednesday,Fall,0,0,52
2024-09-26,4973.86,2772.0099999999998,1204,21,2024,9,Thursday,Fall,0,0,47
2024-09-27,4931.01,2688.96,1039,21,2024,9,Friday,Fall,0,0,43
2024-09-28,5853.07,3204.87,1183,21,2024,9,Saturday,Fall,1,0,60
2024-09-29,5062.84,2766.84,986,21,2024,9,Sunday,Fall,1,0,55
2024-09-30,4804.67,2668.52,983,21,2024,9,Monday,Fall,0,0,45
2024-10-01,4864.01,2678.46,959,21,2024,10,Tuesday,Fall,0,0,45
2024-10-02,5199.96,2800.96,854,21,2024,10,Wednesday,Fall,0,0,52
2024-10-03,4325.85,2380.7,855,21,2024,10,Thursday,Fall,0,0,66
2024-10-04,4970.01,2729.61,899,21,2024,10,Friday,Fall,0,0,53
2024-10-05,5162.85,2848.4,1075,21,2024,10,Saturday,Fall,1,0,44
2024-10-06,5221.88,2888.78,1052,21,2024,10,Sunday,Fall,1,0,53
2024-10-07,4646.1,2614.3,970,21,2024,10,Monday,Fall,0,0,53
2024-10-08,4430.87,2461.12,933,21,2024,10,Tuesday,Fall,0,0,36
2024-10-09,4415.55,2450.95,995,21,2024,10,Wednesday,Fall,0,0,54
2024-10-10,4080.98,2257.78,782,21,2024,10,Thursday,Fall,0,0,53
2024-10-11,4294.56,2371.36,904,21,2024,10,Friday,Fall,0,0,59
2024-10-12,5214.63,2809.68,877,21,2024,10,Saturday,Fall,1,0,67
2024-10-13,5330.61,2908.61,1029,21,2024,10,Sunday,Fall,1,0,62
2024-10-14,4434.25,2442.3,915,21,2024,10,Monday,Fall,0,0,53
2024-10-15,4566.85,2539.65,985,21,2024,10,Tuesday,Fall,0,0,47
2024-10-16,4703.04,2615.94,986,21,2024,10,Wednesday,Fall,0,0,73
2024-10-17,4620.44,2574.49,986,21,2024,10,Thursday,Fall,0,0,55
2024-10-18,4363.74,2390.79,746,21,2024,10,Friday,Fall,0,0,55
2024-10-19,5631.11,3125.96,1189,21,2024,10,Saturday,Fall,1,0,54
2024-10-20,5933.87,3293.47,1153,21,2024,10,Sunday,Fall,1,0,56
2024-10-21,4759.06,2631.71,1074,21,2024,10,Monday,Fall,0,0,53
2024-10-22,4988.05,2761.65,1145,21,2024,10,Tuesday,Fall,0,0,50
2024-10-23,4881.63,2697.33,987,21,2024,10,Wednesday,Fall,0,0,51
2024-10-24,4853.2699999999995,2674.67,1043,21,2024,10,Thursday,Fall,0,0,54
2024-10-25,4016.89,2232.69,861,21,2024,10,Friday,Fall,0,0,51
2024-10-26,5810.39,3213.54,1241,21,2024,10,Saturday,Fall,1,0,50
2024-10-27,5536.91,3049.46,1079,21,2024,10,Sunday,Fall,1,0,55
2024-10-28,4745.53,2629.38,1087,21,2024,10,Monday,Fall,0,0,53
2024-10-29,4546.75,2516.65,895,21,2024,10,Tuesday,Fall,0,0,65
2024-10-30,5105.849999999999,2786.6,895,21,2024,10,Wednesday,Fall,0,0,36
2024-10-31,4241.67,2354.47,933,21,2024,10,Thursday,Fall,0,0,62
2024-11-01,4672.67,2519.12,783,21,2024,11,Friday,Fall,0,0,63
2024-11-02,5319.14,2926.49,1076,21,2024,11,Saturday,Fall,1,0,40
2024-11-03,6209.77,3415.22,1303,21,2024,11,Sunday,Fall,1,0,52
2024-11-04,4509.49,2479.99,1001,21,2024,11,Monday,Fall,0,0,52
2024-11-05,4903.9,2734.15,1100,21,2024,11,Tuesday,Fall,0,0,45
2024-11-06,4214.43,2343.78,887,21,2024,11,Wednesday,Fall,0,0,49
2024-11-07,4509.95,2468.9500000000003,895,21,2024,11,Thursday,Fall,0,0,47
2024-11-08,4254.57,2331.87,843,21,2024,11,Friday,Fall,0,0,67
2024-11-09,5551.64,3025.24,1126,21,2024,11,Saturday,Fall,1,0,61
2024-11-10,5082.07,2810.92,1053,21,2024,11,Sunday,Fall,1,0,63
2024-11-11,4925.46,2726.41,964,21,2024,11,Monday,Fall,0,0,60
2024-11-12,5082.86,2781.91,974,21,2024,11,Tuesday,Fall,0,0,47
2024-11-13,5178.33,2810.93,967,21,2024,11,Wednesday,Fall,0,0,51
2024-11-14,5049.22,2819.37,1088,21,2024,11,Thursday,Fall,0,0,58
2024-11-15,5190.88,2861.73,1052,21,2024,11,Friday,Fall,0,0,46
2024-11-16,5280.36,2974.31,1144,21,2024,11,Saturday,Fall,1,0,59
2024-11-17,6249.17,3432.67,1233,21,2024,11,Sunday,Fall,1,0,53
2024-11-18,4790.68,2634.98,922,21,2024,11,Monday,Fall,0,0,52
2024-11-19,5058.64,2784.99,1016,21,2024,11,Tuesday,Fall,0,0,59
2024-11-20,4756.16,2621.66,934,21,2024,11,Wednesday,Fall,0,0,58
2024-11-21,4298.89,2353.84,901,21,2024,11,Thursday,Fall,0,0,52
2024-11-22,4869.8,2685.7,1070,21,2024,11,Friday,Fall,0,0,63
2024-11-23,5930.89,3255.14,1271,21,2024,11,Saturday,Fall,1,0,47
2024-11-24,5928.22,3164.57,968,21,2024,11,Sunday,Fall,1,0,59
2024-11-25,4193.9800000000005,2312.48,792,21,2024,11,Monday,Fall,0,0,59
2024-11-26,4450.14,2455.94,1026,21,2024,11,Tuesday,Fall,0,0,52
2024-11-27,4813.56,2619.91,894,21,2024,11,Wednesday,Fall,0,0,57
2024-11-28,5968.66,3196.41,1084,21,2024,11,Thursday,Fall,0,1,46
2024-11-29,4725.4,2616.65,1050,21,2024,11,Friday,Fall,0,0,61
2024-11-30,5332.96,2956.21,1164,21,2024,11,Saturday,Fall,1,0,53
2024-12-01,4542.650000000001,2499.35,965,21,2024,12,Sunday,Winter,1,0,38
2024-12-02,3817.92,2071.17,768,21,2024,12,Monday,Winter,0,0,49
2024-12-03,3855.96,2098.11,744,21,2024,12,Tuesday,Winter,0,0,37
2024-12-04,3607.56,2007.9099999999999,804,21,2024,12,Wednesday,Winter,0,0,32
2024-12-05,3628.52,1997.62,738,21,2024,12,Thursday,Winter,0,0,31
2024-12-06,3672.92,2009.82,738,21,2024,12,Friday,Winter,0,0,46
2024-12-07,4243.79,2320.19,761,21,2024,12,Saturday,Winter,1,0,33
2024-12-08,4368.2,2424.4,1000,21,2024,12,Sunday,Winter,1,0,54
2024-12-09,3875.76,2087.31,704,21,2024,12,Monday,Winter,0,0,27
2024-12-10,3442.7400000000002,1856.24,656,21,2024,12,Tuesday,Winter,0,0,53
2024-12-11,3646.83,1998.03,707,21,2024,12,Wednesday,Winter,0,0,43
2024-12-12,3448.91,1900.46,639,21,2024,12,Thursday,Winter,0,0,41
2024-12-13,3622.2,1995.75,760,21,2024,12,Friday,Winter,0,0,38
2024-12-14,4413.48,2442.93,862,21,2024,12,Saturday,Winter,1,0,44
2024-12-15,4616.2,2510.25,910,21,2024,12,Sunday,Winter,1,0,41
2024-12-16,3840.12,2112.2200000000003,738,21,2024,12,Monday,Winter,0,0,49
2024-12-17,3852.2200000000003,2112.82,748,21,2024,12,Tuesday,Winter,0,0,42
2024-12-18,3926.77,2152.87,903,21,2024,12,Wednesday,Winter,0,0,43
2024-12-19,3665.2,2023.15,790,21,2024,12,Thursday,Winter,0,0,39
2024-12-20,3961.12,2184.12,808,21,2024,12,Friday,Winter,0,0,41
2024-12-21,3878.78,2107.83,692,21,2024,12,Saturday,Winter,1,0,44
2024-12-22,4405.19,2413.44,891,21,2024,12,Sunday,Winter,1,0,30
2024-12-23,3465.31,1918.36,719,21,2024,12,Monday,Winter,0,0,32
2024-12-24,3803.52,2108.47,758,21,2024,12,Tuesday,Winter,0,0,47
2024-12-25,5294.61,2889.01,1119,21,2024,12,Wednesday,Winter,0,1,43
2024-12-26,3487.03,1907.53,807,21,2024,12,Thursday,Winter,0,0,40
2024-12-27,3539.44,1917.49,586,21,2024,12,Friday,Winter,0,0,42
2024-12-28,4424.53,2434.08,877,21,2024,12,Saturday,Winter,1,0,44
2024-12-29,4477.85,2425.0,765,21,2024,12,Sunday,Winter,1,0,38
2024-12-30,3771.28,2038.98,602,21,2024,12,Monday,Winter,0,0,36
2024-12-31,3448.76,1888.76,734,21,2024,12,Tuesday,Winter,0,0,43
2025-01-01,4772.64,2649.94,1056,21,2025,1,Wednesday,Winter,0,1,35
2025-01-02,3863.33,2073.48,667,21,2025,1,Thursday,Winter,0,0,44
2025-01-03,3660.64,1986.8400000000001,726,21,2025,1,Friday,Winter,0,0,30
2025-01-04,4348.87,2398.97,873,21,2025,1,Saturday,Winter,1,0,49
2025-01-05,4288.02,2370.37,808,21,2025,1,Sunday,Winter,1,0,45
2025-01-06,3793.41,2072.26,769,21,2025,1,Monday,Winter,0,0,43
2025-01-07,3892.26,2151.71,864,21,2025,1,Tuesday,Winter,0,0,48
2025-01-08,3651.1,1982.0,660,21,2025,1,Wednesday,Winter,0,0,53
2025-01-09,3550.78,1929.83,672,21,2025,1,Thursday,Winter,0,0,49
2025-01-10,3603.13,1960.28,717,21,2025,1,Friday,Winter,0,0,29
2025-01-11,4205.33,2285.78,827,21,2025,1,Saturday,Winter,1,0,33
2025-01-12,4750.02,2542.57,768,21,2025,1,Sunday,Winter,1,0,37
2025-01-13,3411.81,1879.46,699,21,2025,1,Monday,Winter,0,0,42
2025-01-14,3689.84,1987.99,656,21,2025,1,Tuesday,Winter,0,0,45
2025-01-15,3682.33,2003.6299999999999,717,21,2025,1,Wednesday,Winter,0,0,36
2025-01-16,3801.08,2124.53,842,21,2025,1,Thursday,Winter,0,0,43
2025-01-17,3609.9,1965.65,670,21,2025,1,Friday,Winter,0,0,36
2025-01-18,3928.87,2144.37,673,21,2025,1,Saturday,Winter,1,0,37
2025-01-19,4476.14,2456.39,946,21,2025,1,Sunday,Winter,1,0,32
2025-01-20,3395.75,1856.8999999999999,625,21,2025,1,Monday,Winter,0,0,35
2025-01-21,3489.85,1921.8,745,21,2025,1,Tuesday,Winter,0,0,32
2025-01-22,3651.38,1955.78,692,21,2025,1,Wednesday,Winter,0,0,35
2025-01-23,3597.28,1947.48,792,21,2025,1,Thursday,Winter,0,0,49
2025-01-24,3261.65,1793.9,675,21,2025,1,Friday,Winter,0,0,35
2025-01-25,4143.58,2292.38,872,21,2025,1,Saturday,Winter,1,0,60
2025-01-26,4590.34,2520.9900000000002,916,21,2025,1,Sunday,Winter,1,0,45
2025-01-27,3530.42,1916.42,788,21,2025,1,Monday,Winter,0,0,43
2025-01-28,3753.06,2071.86,894,21,2025,1,Tuesday,Winter,0,0,35
2025-01-29,3729.98,2043.43,742,21,2025,1,Wednesday,Winter,0,0,46
2025-01-30,3977.88,2202.88,902,21,2025,1,Thursday,Winter,0,0,37
2025-01-31,3466.28,1853.53,562,21,2025,1,Friday,Winter,0,0,42
2025-02-01,4357.07,2406.37,913,21,2025,2,Saturday,Winter,1,0,59
2025-02-02,4141.6,2287.55,900,21,2025,2,Sunday,Winter,1,0,41
2025-02-03,3537.5,1960.55,790,21,2025,2,Monday,Winter,0,0,50
2025-02-04,3582.08,1938.03,622,21,2025,2,Tuesday,Winter,0,0,37
2025-02-05,3416.07,1847.82,593,21,2025,2,Wednesday,Winter,0,0,41
2025-02-06,3646.45,2037.45,795,21,2025,2,Thursday,Winter,0,0,54
2025-02-07,3561.37,1934.97,713,21,2025,2,Friday,Winter,0,0,37
2025-02-08,4379.25,2378.3,765,21,2025,2,Saturday,Winter,1,0,54
2025-02-09,4299.8,2357.5,910,21,2025,2,Sunday,Winter,1,0,46
2025-02-10,3712.4700000000003,2007.77,693,21,2025,2,Monday,Winter,0,0,38
2025-02-11,3853.24,2116.29,876,21,2025,2,Tuesday,Winter,0,0,46
2025-02-12,3734.83,2050.38,707,21,2025,2,Wednesday,Winter,0,0,48
2025-02-13,3616.19,1963.3899999999999,711,21,2025,2,Thursday,Winter,0,0,46
2025-02-14,3734.35,2065.4,865,21,2025,2,Friday,Winter,0,0,31
2025-02-15,4339.25,2382.45,855,21,2025,2,Saturday,Winter,1,0,36
2025-02-16,4534.9,2485.75,1040,21,2025,2,Sunday,Winter,1,0,40
2025-02-17,3332.17,1826.8200000000002,683,21,2025,2,Monday,Winter,0,0,41
2025-02-18,3495.09,1919.14,711,21,2025,2,Tuesday,Winter,0,0,46
2025-02-19,3677.7,2015.9,760,21,2025,2,Wednesday,Winter,0,0,43
2025-02-20,3260.25,1787.2,635,21,2025,2,Thursday,Winter,0,0,32
2025-02-21,3638.71,2008.96,809,21,2025,2,Friday,Winter,0,0,44
2025-02-22,4486.38,2413.58,802,21,2025,2,Saturday,Winter,1,0,46
2025-02-23,4080.5,2246.35,850,21,2025,2,Sunday,Winter,1,0,45
2025-02-24,3885.88,2132.38,872,21,2025,2,Monday,Winter,0,0,49
2025-02-25,3593.17,1983.12,713,21,2025,2,Tuesday,Winter,0,0,47
2025-02-26,3485.9,1889.4,700,21,2025,2,Wednesday,Winter,0,0,45
2025-02-27,3847.69,2122.24,811,21,2025,2,Thursday,Winter,0,0,41
2025-02-28,3543.37,1951.97,773,21,2025,2,Friday,Winter,0,0,30
2025-03-01,5371.2,3008.4,1140,21,2025,3,Saturday,Spring,1,0,61
2025-03-02,4914.44,2688.09,1036,21,2025,3,Sunday,Spring,1,0,59
2025-03-03,4607.54,2494.74,766,21,2025,3,Monday,Spring,0,0,59
2025-03-04,4074.17,2260.67,813,21,2025,3,Tuesday,Spring,0,0,49
2025-03-05,3941.17,2157.72,773,21,2025,3,Wednesday,Spring,0,0,50
2025-03-06,4116.18,2240.78,732,21,2025,3,Thursday,Spring,0,0,65
2025-03-07,4894.66,2688.56,1014,21,2025,3,Friday,Spring,0,0,57
2025-03-08,5041.77,2724.22,823,21,2025,3,Saturday,Spring,1,0,62
2025-03-09,5062.58,2807.08,1082,21,2025,3,Sunday,Spring,1,0,58
2025-03-10,4840.98,2693.58,1002,21,2025,3,Monday,Spring,0,0,58
2025-03-11,4019.27,2227.92,853,21,2025,3,Tuesday,Spring,0,0,64
2025-03-12,4530.85,2453.95,715,21,2025,3,Wednesday,Spring,0,0,54
2025-03-13,4526.7300000000005,2480.18,877,21,2025,3,Thursday,Spring,0,0,58
2025-03-14,4386.15,2400.65,845,21,2025,3,Friday,Spring,0,0,54
2025-03-15,4759.76,2621.66,954,21,2025,3,Saturday,Spring,1,0,54
2025-03-16,5005.55,2750.1,1105,21,2025,3,Sunday,Spring,1,0,55
2025-03-17,4006.97,2230.27,843,21,2025,3,Monday,Spring,0,0,59
2025-03-18,4204.16,2292.11,934,21,2025,3,Tuesday,Spring,0,0,54
2025-03-19,4195.88,2282.83,802,21,2025,3,Wednesday,Spring,0,0,66
2025-03-20,4111.07,2276.17,943,21,2025,3,Thursday,Spring,0,0,51
2025-03-21,4094.89,2256.19,811,21,2025,3,Friday,Spring,0,0,56
2025-03-22,5368.16,2956.51,1184,21,2025,3,Saturday,Spring,1,0,54
2025-03-23,4991.87,2757.9700000000003,1003,21,2025,3,Sunday,Spring,1,0,68
2025-03-24,4473.04,2446.79,1016,21,2025,3,Monday,Spring,0,0,59
2025-03-25,4756.99,2645.89,1101,21,2025,3,Tuesday,Spring,0,0,65
2025-03-26,4941.62,2769.92,1118,21,2025,3,Wednesday,Spring,0,0,47
2025-03-27,4180.57,2306.17,883,21,2025,3,Thursday,Spring,0,0,59
2025-03-28,4445.41,2412.11,759,21,2025,3,Friday,Spring,0,0,64
2025-03-29,5564.53,3085.28,1107,21,2025,3,Saturday,Spring,1,0,58
2025-03-30,5041.08,2725.0299999999997,892,21,2025,3,Sunday,Spring,1,0,65
2025-03-31,4791.5,2616.7,960,21,2025,3,Monday,Spring,0,0,54
2025-04-01,4433.92,2482.02,1068,21,2025,4,Tuesday,Spring,0,0,67
2025-04-02,4742.62,2603.57,1048,21,2025,4,Wednesday,Spring,0,0,74
2025-04-03,4743.57,2627.82,1033,21,2025,4,Thursday,Spring,0,0,55
2025-04-04,4605.71,2545.91,979,21,2025,4,Friday,Spring,0,0,54
2025-04-05,5339.33,2970.63,1117,21,2025,4,Saturday,Spring,1,0,68
2025-04-06,5478.28,2989.43,1032,21,2025,4,Sunday,Spring,1,0,69
2025-04-07,4200.64,2331.99,916,21,2025,4,Monday,Spring,0,0,54
2025-04-08,4513.0,2417.6,720,21,2025,4,Tuesday,Spring,0,0,55
2025-04-09,4491.05,2478.65,905,21,2025,4,Wednesday,Spring,0,0,56
2025-04-10,4255.52,2378.52,958,21,2025,4,Thursday,Spring,0,0,48
2025-04-11,4344.87,2399.02,933,21,2025,4,Friday,Spring,0,0,51
2025-04-12,5025.96,2799.06,1084,21,2025,4,Saturday,Spring,1,0,50
2025-04-13,5459.43,3015.23,1187,21,2025,4,Sunday,Spring,1,0,52
2025-04-14,4294.94,2331.59,836,21,2025,4,Monday,Spring,0,0,57
2025-04-15,4908.23,2731.93,1167,21,2025,4,Tuesday,Spring,0,0,59
2025-04-16,4512.8,2458.6,760,21,2025,4,Wednesday,Spring,0,0,68
2025-04-17,4216.81,2316.11,859,21,2025,4,Thursday,Spring,0,0,51
2025-04-18,4631.2,2556.4,950,21,2025,4,Friday,Spring,0,0,64
2025-04-19,5330.84,2935.19,1246,21,2025,4,Saturday,Spring,1,0,56
2025-04-20,5850.23,3227.58,1237,21,2025,4,Sunday,Spring,1,0,57
2025-04-21,4920.06,2675.81,934,21,2025,4,Monday,Spring,0,0,62
2025-04-22,4666.16,2574.61,1054,21,2025,4,Tuesday,Spring,0,0,50
2025-04-23,4283.48,2381.53,972,21,2025,4,Wednesday,Spring,0,0,60
2025-04-24,4325.26,2394.0099999999998,984,21,2025,4,Thursday,Spring,0,0,59
2025-04-25,4690.98,2564.58,972,21,2025,4,Friday,Spring,0,0,61
2025-04-26,5145.66,2817.71,1014,21,2025,4,Saturday,Spring,1,0,60
2025-04-27,5937.599999999999,3260.05,1220,21,2025,4,Sunday,Spring,1,0,75
2025-04-28,4746.45,2620.6,1055,21,2025,4,Monday,Spring,0,0,53
2025-04-29,3966.95,2193.2,835,21,2025,4,Tuesday,Spring,0,0,54
2025-04-30,3899.9900000000002,2156.94,831,21,2025,4,Wednesday,Spring,0,0,53
2025-05-01,4702.85,2567.45,945,21,2025,5,Thursday,Spring,0,0,54
2025-05-02,4174.26,2296.66,874,21,2025,5,Friday,Spring,0,0,53
2025-05-03,5162.72,2841.67,968,21,2025,5,Saturday,Spring,1,0,66
2025-05-04,5293.64,2873.79,946,21,2025,5,Sunday,Spring,1,0,67
2025-05-05,4003.49,2192.69,891,21,2025,5,Monday,Spring,0,0,54
2025-05-06,4340.22,2431.17,908,21,2025,5,Tuesday,Spring,0,0,52
2025-05-07,4584.49,2473.29,761,21,2025,5,Wednesday,Spring,0,0,61
2025-05-08,4174.14,2292.79,816,21,2025,5,Thursday,Spring,0,0,54
2025-05-09,4632.8,2524.55,860,21,2025,5,Friday,Spring,0,0,62
2025-05-10,5350.25,2895.55,915,21,2025,5,Saturday,Spring,1,0,59
2025-05-11,4839.51,2638.76,999,21,2025,5,Sunday,Spring,1,0,47
2025-05-12,4798.3,2614.55,880,21,2025,5,Monday,Spring,0,0,68
2025-05-13,4567.89,2515.14,991,21,2025,5,Tuesday,Spring,0,0,70
2025-05-14,4641.71,2579.41,1059,21,2025,5,Wednesday,Spring,0,0,53
2025-05-15,4485.89,2504.7400000000002,1061,21,2025,5,Thursday,Spring,0,0,55
2025-05-16,3990.02,2217.92,918,21,2025,5,Friday,Spring,0,0,60
2025-05-17,4872.92,2680.92,988,21,2025,5,Saturday,Spring,1,0,60
2025-05-18,5509.55,3011.5,1165,21,2025,5,Sunday,Spring,1,0,62
2025-05-19,4480.89,2461.54,961,21,2025,5,Monday,Spring,0,0,72
2025-05-20,4842.31,2635.66,959,21,2025,5,Tuesday,Spring,0,0,56
2025-05-21,4758.03,2608.53,1007,21,2025,5,Wednesday,Spring,0,0,52
2025-05-22,4200.16,2291.91,764,21,2025,5,Thursday,Spring,0,0,48
2025-05-23,3911.3,2149.55,790,21,2025,5,Friday,Spring,0,0,52
2025-05-24,5261.55,2928.35,1085,21,2025,5,Saturday,Spring,1,0,57
2025-05-25,5382.85,2981.5,1105,21,2025,5,Sunday,Spring,1,0,70
2025-05-26,5852.2300000000005,3227.08,1307,21,2025,5,Monday,Spring,0,1,54
2025-05-27,4112.16,2271.36,994,21,2025,5,Tuesday,Spring,0,0,59
2025-05-28,4432.16,2413.41,874,21,2025,5,Wednesday,Spring,0,0,57
2025-05-29,4190.98,2275.03,842,21,2025,5,Thursday,Spring,0,0,66
2025-05-30,4629.45,2519.95,865,21,2025,5,Friday,Spring,0,0,75
2025-05-31,4914.75,2678.1,1045,21,2025,5,Saturday,Spring,1,0,54
2025-06-01,7034.25,3791.95,1245,21,2025,6,Sunday,Summer,1,0,74
2025-06-02,5534.360000000001,3007.86,1144,21,2025,6,Monday,Summer,0,0,85
2025-06-03,5306.94,2882.44,1016,21,2025,6,Tuesday,Summer,0,0,82
2025-06-04,6107.67,3298.52,1243,21,2025,6,Wednesday,Summer,0,0,90
2025-06-05,5678.49,3051.94,1081,21,2025,6,Thursday,Summer,0,0,82
2025-06-06,5717.18,3125.13,1222,21,2025,6,Friday,Summer,0,0,75
2025-06-07,6328.92,3485.82,1478,21,2025,6,Saturday,Summer,1,0,82
2025-06-08,5990.83,3242.68,1297,21,2025,6,Sunday,Summer,1,0,85
2025-06-09,5274.2300000000005,2885.88,1017,21,2025,6,Monday,Summer,0,0,83
2025-06-10,5660.17,3098.7200000000003,1063,21,2025,6,Tuesday,Summer,0,0,81
2025-06-11,5521.6,3035.6,1350,21,2025,6,Wednesday,Summer,0,0,85
2025-06-12,5666.49,3136.84,1221,21,2025,6,Thursday,Summer,0,0,86
2025-06-13,6319.9,3371.75,1210,21,2025,6,Friday,Summer,0,0,87
2025-06-14,6681.17,3652.17,1423,21,2025,6,Saturday,Summer,1,0,82
2025-06-15,6241.68,3393.38,1182,21,2025,6,Sunday,Summer,1,0,76
2025-06-16,5590.37,3077.47,1303,21,2025,6,Monday,Summer,0,0,79
2025-06-17,6380.73,3479.63,1287,21,2025,6,Tuesday,Summer,0,0,86
2025-06-18,5191.83,2848.53,1227,21,2025,6,Wednesday,Summer,0,0,72
2025-06-19,5361.03,2904.93,1027,21,2025,6,Thursday,Summer,0,0,80
2025-06-20,5076.58,2818.33,1202,21,2025,6,Friday,Summer,0,0,75
2025-06-21,7232.360000000001,3937.0099999999998,1424,21,2025,6,Saturday,Summer,1,0,78
2025-06-22,7037.69,3843.64,1611,21,2025,6,Sunday,Summer,1,0,86
2025-06-23,6009.67,3247.57,1223,21,2025,6,Monday,Summer,0,0,79
2025-06-24,6127.81,3338.56,1309,21,2025,6,Tuesday,Summer,0,0,78
2025-06-25,5755.7699999999995,3090.22,1193,21,2025,6,Wednesday,Summer,0,0,68
2025-06-26,5360.98,2931.13,1092,21,2025,6,Thursday,Summer,0,0,83
2025-06-27,6137.33,3355.03,1347,21,2025,6,Friday,Summer,0,0,82
2025-06-28,7072.6,3850.35,1440,21,2025,6,Saturday,Summer,1,0,93
2025-06-29,7207.78,3892.38,1272,21,2025,6,Sunday,Summer,1,0,75
2025-06-30,5436.09,2925.29,891,21,2025,6,Monday,Summer,0,0,79
2025-07-01,5156.37,2802.22,1173,21,2025,7,Tuesday,Summer,0,0,79
2025-07-02,5602.36,3070.26,1154,21,2025,7,Wednesday,Summer,0,0,89
2025-07-03,5641.4800000000005,3044.43,1142,21,2025,7,Thursday,Summer,0,0,77
2025-07-04,7141.04,3894.44,1546,21,2025,7,Friday,Summer,0,1,79
2025-07-05,5943.0,3262.9,1260,21,2025,7,Saturday,Summer,1,0,82
2025-07-06,7399.06,3992.66,1564,21,2025,7,Sunday,Summer,1,0,79
2025-07-07,5422.01,2934.46,1089,21,2025,7,Monday,Summer,0,0,74
2025-07-08,5515.99,2990.19,1151,21,2025,7,Tuesday,Summer,0,0,79
2025-07-09,5396.74,2979.49,1156,21,2025,7,Wednesday,Summer,0,0,85
2025-07-10,4890.21,2646.61,1019,21,2025,7,Thursday,Summer,0,0,70
2025-07-11,6210.01,3370.66,1119,21,2025,7,Friday,Summer,0,0,78
2025-07-12,6111.57,3333.22,1273,21,2025,7,Saturday,Summer,1,0,73
2025-07-13,7810.12,4300.92,1628,21,2025,7,Sunday,Summer,1,0,86
2025-07-14,5016.89,2731.24,1081,21,2025,7,Monday,Summer,0,0,67
2025-07-15,5290.46,2888.96,1104,21,2025,7,Tuesday,Summer,0,0,74
2025-07-16,4986.0,2728.45,1130,21,2025,7,Wednesday,Summer,0,0,80
2025-07-17,5458.85,2993.5,1155,21,2025,7,Thursday,Summer,0,0,88
2025-07-18,5633.63,3041.58,1127,21,2025,7,Friday,Summer,0,0,77
2025-07-19,6624.14,3621.54,1306,21,2025,7,Saturday,Summer,1,0,74
2025-07-20,7722.92,4145.5199999999995,1458,21,2025,7,Sunday,Summer,1,0,91
2025-07-21,5073.38,2743.2799999999997,1132,21,2025,7,Monday,Summer,0,0,67
2025-07-22,5911.03,3224.68,1447,21,2025,7,Tuesday,Summer,0,0,62
2025-07-23,5476.61,2969.96,1079,21,2025,7,Wednesday,Summer,0,0,81
2025-07-24,5398.57,2938.32,1113,21,2025,7,Thursday,Summer,0,0,74
2025-07-25,6003.72,3271.32,1308,21,2025,7,Friday,Summer,0,0,70
2025-07-26,6321.69,3450.14,1311,21,2025,7,Saturday,Summer,1,0,82
2025-07-27,6330.88,3467.68,1352,21,2025,7,Sunday,Summer,1,0,79
2025-07-28,5009.26,2727.56,1244,21,2025,7,Monday,Summer,0,0,74
2025-07-29,6032.07,3268.42,1143,21,2025,7,Tuesday,Summer,0,0,69
2025-07-30,5257.57,2895.12,1203,21,2025,7,Wednesday,Summer,0,0,84
2025-07-31,5023.89,2741.24,1011,21,2025,7,Thursday,Summer,0,0,82
2025-08-01,5372.03,2969.58,1237,21,2025,8,Friday,Summer,0,0,77
2025-08-02,7948.03,4373.03,1487,21,2025,8,Saturday,Summer,1,0,90
2025-08-03,6953.54,3808.99,1486,21,2025,8,Sunday,Summer,1,0,70
2025-08-04,5552.03,3045.88,1157,21,2025,8,Monday,Summer,0,0,67
2025-08-05,4586.29,2485.69,841,21,2025,8,Tuesday,Summer,0,0,73
2025-08-06,6247.67,3433.02,1313,21,2025,8,Wednesday,Summer,0,0,77
2025-08-07,5439.59,2950.44,1031,21,2025,8,Thursday,Summer,0,0,79
2025-08-08,6262.42,3385.92,1058,21,2025,8,Friday,Summer,0,0,76
2025-08-09,5943.82,3266.17,1308,21,2025,8,Saturday,Summer,1,0,80
2025-08-10,7193.33,3868.18,1457,21,2025,8,Sunday,Summer,1,0,69
2025-08-11,5203.51,2870.7599999999998,1139,21,2025,8,Monday,Summer,0,0,88
2025-08-12,5364.07,2935.07,1173,21,2025,8,Tuesday,Summer,0,0,77
2025-08-13,5435.9,2902.95,1150,21,2025,8,Wednesday,Summer,0,0,85
2025-08-14,5829.6,3235.0,1300,21,2025,8,Thursday,Summer,0,0,80
2025-08-15,5185.56,2876.66,1184,21,2025,8,Friday,Summer,0,0,81
2025-08-16,6401.81,3459.21,1189,21,2025,8,Saturday,Summer,1,0,81
2025-08-17,7069.03,3901.58,1537,21,2025,8,Sunday,Summer,1,0,81
2025-08-18,5636.04,3097.14,1126,21,2025,8,Monday,Summer,0,0,82
2025-08-19,6678.77,3657.07,1513,21,2025,8,Tuesday,Summer,0,0,87
2025-08-20,5817.62,3122.67,1078,21,2025,8,Wednesday,Summer,0,0,79
2025-08-21,5618.6900000000005,3076.59,1171,21,2025,8,Thursday,Summer,0,0,82
2025-08-22,5565.98,3042.23,1122,21,2025,8,Friday,Summer,0,0,77
2025-08-23,7096.32,3820.2200000000003,1238,21,2025,8,Saturday,Summer,1,0,88
2025-08-24,7394.67,4025.67,1713,21,2025,8,Sunday,Summer,1,0,73
2025-08-25,6572.43,3561.7799999999997,1347,21,2025,8,Monday,Summer,0,0,90
2025-08-26,5203.87,2865.82,1073,21,2025,8,Tuesday,Summer,0,0,77
2025-08-27,5408.35,2879.1,1095,21,2025,8,Wednesday,Summer,0,0,67
2025-08-28,5910.63,3207.83,1147,21,2025,8,Thursday,Summer,0,0,78
2025-08-29,5234.22,2833.92,948,21,2025,8,Friday,Summer,0,0,73
2025-08-30,5867.84,3166.39,1046,21,2025,8,Saturday,Summer,1,0,83
2025-08-31,6998.5199999999995,3824.02,1398,21,2025,8,Sunday,Summer,1,0,73
2025-09-01,6378.12,3478.57,1068,21,2025,9,Monday,Fall,0,1,51
2025-09-02,4444.45,2436.65,755,21,2025,9,Tuesday,Fall,0,0,41
2025-09-03,4814.12,2602.07,838,21,2025,9,Wednesday,Fall,0,0,51
2025-09-04,4727.42,2585.87,988,21,2025,9,Thursday,Fall,0,0,38
2025-09-05,4847.65,2655.1,965,21,2025,9,Friday,Fall,0,0,43
2025-09-06,6023.12,3332.77,1268,21,2025,9,Saturday,Fall,1,0,60
2025-09-07,5192.9,2804.4,910,21,2025,9,Sunday,Fall,1,0,60
2025-09-08,4785.55,2641.6,1155,21,2025,9,Monday,Fall,0,0,57
2025-09-09,4292.26,2344.76,824,21,2025,9,Tuesday,Fall,0,0,48
2025-09-10,4805.01,2624.5099999999998,1019,21,2025,9,Wednesday,Fall,0,0,54
2025-09-11,4937.76,2719.81,1074,21,2025,9,Thursday,Fall,0,0,54
2025-09-12,4317.13,2379.83,857,21,2025,9,Friday,Fall,0,0,46
2025-09-13,6072.5599999999995,3308.2599999999998,1104,21,2025,9,Saturday,Fall,1,0,65
2025-09-14,4870.05,2649.25,1005,21,2025,9,Sunday,Fall,1,0,61
2025-09-15,4657.21,2553.56,899,21,2025,9,Monday,Fall,0,0,53
2025-09-16,4517.81,2461.71,849,21,2025,9,Tuesday,Fall,0,0,55
2025-09-17,4037.51,2192.61,799,21,2025,9,Wednesday,Fall,0,0,56
2025-09-18,4653.15,2529.5,915,21,2025,9,Thursday,Fall,0,0,40
2025-09-19,5132.12,2831.52,1138,21,2025,9,Friday,Fall,0,0,53
2025-09-20,5634.64,3073.54,1166,21,2025,9,Saturday,Fall,1,0,50
2025-09-21,5721.34,3165.59,1196,21,2025,9,Sunday,Fall,1,0,47
2025-09-22,4142.07,2283.47,913,21,2025,9,Monday,Fall,0,0,53
2025-09-23,4246.29,2306.49,881,21,2025,9,Tuesday,Fall,0,0,67
2025-09-24,4823.57,2662.37,993,21,2025,9,Wednesday,Fall,0,0,59
2025-09-25,4133.88,2282.93,852,21,2025,9,Thursday,Fall,0,0,51
2025-09-26,4668.28,2611.68,1022,21,2025,9,Friday,Fall,0,0,59
2025-09-27,5112.85,2849.75,1025,21,2025,9,Saturday,Fall,1,0,64
2025-09-28,4825.32,2692.02,1038,21,2025,9,Sunday,Fall,1,0,61
2025-09-29,5024.57,2734.17,953,21,2025,9,Monday,Fall,0,0,55
2025-09-30,4813.15,2617.1,835,21,2025,9,Tuesday,Fall,0,0,50
2025-10-01,4452.54,2443.24,906,21,2025,10,Wednesday,Fall,0,0,59
2025-10-02,4724.24,2635.89,986,21,2025,10,Thursday,Fall,0,0,57
2025-10-03,4468.08,2416.98,842,21,2025,10,Friday,Fall,0,0,61
2025-10-04,6216.34,3406.74,1096,21,2025,10,Saturday,Fall,1,0,59
2025-10-05,5565.45,3077.4,1155,21,2025,10,Sunday,Fall,1,0,62
2025-10-06,4945.86,2708.61,1054,21,2025,10,Monday,Fall,0,0,51
2025-10-07,4124.92,2264.07,828,21,2025,10,Tuesday,Fall,0,0,64
2025-10-08,4811.9,2679.7000000000003,990,21,2025,10,Wednesday,Fall,0,0,56
2025-10-09,4986.95,2736.65,965,21,2025,10,Thursday,Fall,0,0,69
2025-10-10,4472.51,2404.06,749,21,2025,10,Friday,Fall,0,0,50
2025-10-11,6001.8,3307.0,1090,21,2025,10,Saturday,Fall,1,0,67
2025-10-12,6057.650000000001,3358.95,1235,21,2025,10,Sunday,Fall,1,0,56
2025-10-13,4981.14,2709.4900000000002,926,21,2025,10,Monday,Fall,0,0,50
2025-10-14,4309.65,2335.25,785,21,2025,10,Tuesday,Fall,0,0,51
2025-10-15,5063.71,2811.81,1029,21,2025,10,Wednesday,Fall,0,0,52
2025-10-16,4688.17,2594.97,863,21,2025,10,Thursday,Fall,0,0,57
2025-10-17,5064.35,2770.4,965,21,2025,10,Friday,Fall,0,0,58
2025-10-18,5992.86,3326.46,1224,21,2025,10,Saturday,Fall,1,0,50
2025-10-19,5624.69,3102.14,1171,21,2025,10,Sunday,Fall,1,0,54
2025-10-20,4503.14,2472.44,916,21,2025,10,Monday,Fall,0,0,69
2025-10-21,4107.18,2239.33,832,21,2025,10,Tuesday,Fall,0,0,67
2025-10-22,4864.86,2653.31,924,21,2025,10,Wednesday,Fall,0,0,58
2025-10-23,4853.7,2705.05,1100,21,2025,10,Thursday,Fall,0,0,55
2025-10-24,4479.28,2483.28,902,21,2025,10,Friday,Fall,0,0,55
2025-10-25,6244.98,3411.78,1302,21,2025,10,Saturday,Fall,1,0,59
2025-10-26,6051.45,3292.85,1145,21,2025,10,Sunday,Fall,1,0,47
2025-10-27,4373.17,2415.97,863,21,2025,10,Monday,Fall,0,0,53
2025-10-28,5101.63,2819.48,1087,21,2025,10,Tuesday,Fall,0,0,43
2025-10-29,4496.77,2485.62,883,21,2025,10,Wednesday,Fall,0,0,57
2025-10-30,4131.49,2252.84,741,21,2025,10,Thursday,Fall,0,0,59
2025-10-31,4225.28,2320.83,912,21,2025,10,Friday,Fall,0,0,51
2025-11-01,5358.99,2958.44,1041,21,2025,11,Saturday,Fall,1,0,66
2025-11-02,5513.12,2990.02,938,21,2025,11,Sunday,Fall,1,0,46
2025-11-03,4410.31,2394.11,849,21,2025,11,Monday,Fall,0,0,44
2025-11-04,4954.59,2744.54,1061,21,2025,11,Tuesday,Fall,0,0,56
2025-11-05,4603.72,2512.72,918,21,2025,11,Wednesday,Fall,0,0,62
2025-11-06,5062.1,2756.3,1080,21,2025,11,Thursday,Fall,0,0,66
2025-11-07,4613.34,2581.49,1066,21,2025,11,Friday,Fall,0,0,51
2025-11-08,5039.56,2786.76,1144,21,2025,11,Saturday,Fall,1,0,62
2025-11-09,6098.92,3379.37,1348,21,2025,11,Sunday,Fall,1,0,54
2025-11-10,4046.17,2266.92,933,21,2025,11,Monday,Fall,0,0,53
2025-11-11,5046.84,2778.94,1026,21,2025,11,Tuesday,Fall,0,0,61
2025-11-12,4763.89,2615.09,911,21,2025,11,Wednesday,Fall,0,0,59
2025-11-13,4720.68,2572.93,852,21,2025,11,Thursday,Fall,0,0,43
2025-11-14,4872.37,2700.12,1113,21,2025,11,Friday,Fall,0,0,65
2025-11-15,5680.05,3057.75,935,21,2025,11,Saturday,Fall,1,0,64
2025-11-16,4952.72,2704.4700000000003,958,21,2025,11,Sunday,Fall,1,0,50
2025-11-17,4255.51,2365.41,999,21,2025,11,Monday,Fall,0,0,57
2025-11-18,5053.73,2802.88,1137,21,2025,11,Tuesday,Fall,0,0,58
2025-11-19,4269.59,2370.94,881,21,2025,11,Wednesday,Fall,0,0,56
2025-11-20,4668.6900000000005,2593.34,991,21,2025,11,Thursday,Fall,0,0,51
2025-11-21,4527.61,2441.01,759,21,2025,11,Friday,Fall,0,0,50
2025-11-22,5575.77,3048.52,1003,21,2025,11,Saturday,Fall,1,0,54
2025-11-23,5749.79,3227.19,1321,21,2025,11,Sunday,Fall,1,0,63
2025-11-24,4399.83,2417.23,897,21,2025,11,Monday,Fall,0,0,58
2025-11-25,4661.43,2518.58,837,21,2025,11,Tuesday,Fall,0,0,52
2025-11-26,4391.86,2427.16,954,21,2025,11,Wednesday,Fall,0,0,60
2025-11-27,5621.49,3170.84,1301,21,2025,11,Thursday,Fall,0,1,35
2025-11-28,4469.39,2447.09,941,21,2025,11,Friday,Fall,0,0,63
2025-11-29,5515.37,3087.77,1293,21,2025,11,Saturday,Fall,1,0,42
2025-11-30,6496.25,3579.1,1295,21,2025,11,Sunday,Fall,1,0,52
2025-12-01,3826.58,2109.83,852,21,2025,12,Monday,Winter,0,0,34
2025-12-02,3727.47,2047.6200000000001,793,21,2025,12,Tuesday,Winter,0,0,32
2025-12-03,3610.11,1999.76,739,21,2025,12,Wednesday,Winter,0,0,50
2025-12-04,3674.28,1988.28,702,21,2025,12,Thursday,Winter,0,0,38
2025-12-05,3590.66,1974.81,754,21,2025,12,Friday,Winter,0,0,44
2025-12-06,4504.04,2461.24,856,21,2025,12,Saturday,Winter,1,0,41
2025-12-07,4397.63,2441.98,1007,21,2025,12,Sunday,Winter,1,0,45
2025-12-08,3744.46,2038.11,684,21,2025,12,Monday,Winter,0,0,42
2025-12-09,3496.5,1910.15,620,21,2025,12,Tuesday,Winter,0,0,33
2025-12-10,3653.19,1995.49,821,21,2025,12,Wednesday,Winter,0,0,48
2025-12-11,3363.4,1824.75,770,21,2025,12,Thursday,Winter,0,0,38
2025-12-12,3818.44,2102.69,766,21,2025,12,Friday,Winter,0,0,31
2025-12-13,4672.15,2573.85,1015,21,2025,12,Saturday,Winter,1,0,39
2025-12-14,4548.09,2489.14,861,21,2025,12,Sunday,Winter,1,0,52
2025-12-15,3756.68,2046.18,802,21,2025,12,Monday,Winter,0,0,47
2025-12-16,4008.63,2195.73,757,21,2025,12,Tuesday,Winter,0,0,39
2025-12-17,3503.5,1912.4,720,21,2025,12,Wednesday,Winter,0,0,39
2025-12-18,3802.93,2052.2799999999997,647,21,2025,12,Thursday,Winter,0,0,39
2025-12-19,3783.84,2039.8899999999999,686,21,2025,12,Friday,Winter,0,0,56
2025-12-20,4578.72,2499.4700000000003,898,21,2025,12,Saturday,Winter,1,0,44
2025-12-21,4541.47,2522.4700000000003,973,21,2025,12,Sunday,Winter,1,0,45
2025-12-22,3774.33,2087.38,837,21,2025,12,Monday,Winter,0,0,49
2025-12-23,3335.02,1795.62,618,21,2025,12,Tuesday,Winter,0,0,43
2025-12-24,3423.96,1877.61,794,21,2025,12,Wednesday,Winter,0,0,40
2025-12-25,5766.0,3187.7,1120,21,2025,12,Thursday,Winter,0,1,40
2025-12-26,3803.72,2082.27,738,21,2025,12,Friday,Winter,0,0,41
2025-12-27,4698.2699999999995,2562.12,913,21,2025,12,Saturday,Winter,1,0,41
2025-12-28,4087.83,2268.43,887,21,2025,12,Sunday,Winter,1,0,47
2025-12-29,3607.85,1985.35,745,21,2025,12,Monday,Winter,0,0,42
2025-12-30,3510.22,1888.8700000000001,638,21,2025,12,Tuesday,Winter,0,0,47
2025-12-31,3483.52,1913.62,638,21,2025,12,Wednesday,Winter,0,0,41
